,elevation,id,lat,lon
0,1772.0,282865058,46.7485677,11.9840903
1,1772.0,282865059,46.7486928,11.9839817
2,1772.0,282865060,46.7488543,11.9839333
3,1772.0,282865061,46.7491409,11.9837597
4,1772.0,282865062,46.7494719,11.9836669
5,1772.0,282865063,46.749597,11.98357
6,1772.0,282865064,46.7497787,11.9834085
7,1811.0,282865065,46.7500855,11.9832753
8,1185.0,282865093,46.7449889,12.0097179
9,1680.0,282865094,46.7433392,11.9901255
10,2274.0,283551172,46.7379001,11.9584703
11,2072.0,283551174,46.73208,11.9615861
12,1156.0,283553882,46.7466875,12.0105322
13,2078.0,283553888,46.743553,11.9726018
14,2274.0,283553892,46.7393443,11.9596764
15,1668.0,283553894,46.7442979,11.9907268
16,2078.0,283553897,46.7430667,11.9717283
17,960.0,320974326,46.7722045,11.9420389
18,2267.0,320974327,46.739359,11.9574545
19,953.0,320974329,46.7726959,11.9398903
20,1128.0,320974330,46.7637607,11.9431692
21,953.0,321223196,46.771945,11.9410267
22,2267.0,321223197,46.7394451,11.9572226
23,2047.0,325689514,46.7418226,11.974913
24,2274.0,325689515,46.7392555,11.9598406
25,1983.0,325695607,46.736579,11.9729532
26,2274.0,325695608,46.7383882,11.9592804
27,1748.0,325696901,46.7247924,11.9640979
28,2267.0,325696908,46.7375862,11.9572527
29,1748.0,325698654,46.7247069,11.9639682
30,1778.0,325698655,46.7253917,11.9635683
31,1778.0,325698656,46.7256643,11.9635745
32,1778.0,325698657,46.7266663,11.9641224
33,1854.0,325698658,46.7272322,11.9647591
34,1854.0,325698659,46.727723,11.9662103
35,1850.0,325698660,46.7277584,11.9669453
36,1850.0,325698661,46.7276786,11.9679638
37,1847.0,325698662,46.7282622,11.9688099
38,1847.0,325698663,46.7288388,11.9693078
39,1912.0,325698664,46.729686,11.9714278
40,1912.0,325698665,46.7301176,11.9715147
41,1912.0,325698666,46.7306976,11.9711411
42,1992.0,325698667,46.7312582,11.9707698
43,1992.0,325698668,46.7317568,11.9700802
44,1992.0,325698669,46.7319601,11.9697819
45,2030.0,325698673,46.733106,11.9683779
46,2237.0,325701240,46.7396508,11.9569421
47,2237.0,325701243,46.7403845,11.9567158
48,2224.0,325701244,46.7412878,11.9561269
49,2154.0,325701246,46.7418274,11.9554799
50,2154.0,325701249,46.7422662,11.9547231
51,2154.0,325701250,46.7424262,11.9544257
52,2115.0,325701252,46.7428931,11.9539327
53,2115.0,325702075,46.743235,11.9536964
54,2115.0,325702077,46.7436999,11.9532207
55,2033.0,325702084,46.7440085,11.9531215
56,2033.0,325702088,46.7442337,11.9528753
57,2018.0,325702090,46.744552,11.9520079
58,2018.0,325702092,46.744762,11.95134
59,2018.0,325702093,46.7455874,11.9505846
60,1939.0,325702095,46.7461973,11.9501048
61,1949.0,325702097,46.746482,11.9495965
62,1949.0,325702098,46.74685,11.9491722
63,1949.0,325702099,46.7472089,11.948414
64,1966.0,325702102,46.7477398,11.9474847
65,1889.0,325702103,46.7482619,11.946597
66,1893.0,325702104,46.7486973,11.9456763
67,1893.0,325702105,46.7488978,11.945056
68,1893.0,325702107,46.7488923,11.9443207
69,1893.0,325702109,46.7488706,11.9439596
70,1862.0,325702110,46.74891,11.9434827
71,1862.0,325702112,46.7488296,11.942749
72,1862.0,325702113,46.7489794,11.9420994
73,1871.0,325702115,46.7492499,11.9414299
74,1871.0,325702117,46.7499204,11.9404858
75,1759.0,325702118,46.7500779,11.9394993
76,1759.0,325702119,46.7512212,11.937847
77,1759.0,325702121,46.7516611,11.9375247
78,1740.0,325702123,46.7522219,11.9373438
79,1740.0,325702125,46.7524768,11.9373772
80,1669.0,325702126,46.7526212,11.9375931
81,1669.0,325702127,46.7526111,11.9378675
82,1669.0,325702128,46.7525229,11.9380391
83,1669.0,325702129,46.7525328,11.9385713
84,1669.0,325702131,46.7528324,11.9390562
85,1669.0,325702132,46.7533706,11.9389401
86,1669.0,325702134,46.7534678,11.9390895
87,1623.0,325702135,46.7535621,11.9396409
88,1623.0,325702138,46.7535315,11.9403807
89,1623.0,325702140,46.7537724,11.9406151
90,1540.0,325702142,46.7542431,11.9402981
91,1540.0,325702144,46.7547396,11.9396691
92,1574.0,325702145,46.7552085,11.9392204
93,1574.0,325702148,46.7555254,11.9391369
94,1574.0,325702149,46.7556888,11.9393041
95,1574.0,325702150,46.7559245,11.9393271
96,1455.0,325702151,46.7570845,11.9396181
97,1455.0,325702152,46.7575401,11.9399276
98,1455.0,325702153,46.757815,11.9401219
99,1455.0,325702155,46.7581566,11.9402381
100,1380.0,325702156,46.7586406,11.9402224
101,1380.0,325702157,46.7590746,11.9404497
102,1380.0,325702159,46.7594366,11.9409666
103,1380.0,325702161,46.7595821,11.9415764
104,1331.0,325702162,46.7597436,11.9427114
105,1331.0,325702163,46.759953,11.9435319
106,1279.0,325702164,46.7599104,11.9439905
107,1279.0,325702166,46.7601377,11.9443472
108,1209.0,325702167,46.7607337,11.944684
109,1209.0,325702168,46.7611012,11.9445093
110,1209.0,325702170,46.7619051,11.9444721
111,1122.0,325702607,46.7627487,11.944273
112,1122.0,325702609,46.7633046,11.9441501
113,1122.0,325702611,46.7636822,11.9440185
114,1122.0,325702612,46.7639102,11.9438809
115,1122.0,325702614,46.7641387,11.9437989
116,1128.0,325702616,46.7643974,11.9434899
117,1068.0,325702619,46.7647187,11.9437538
118,1068.0,325702621,46.7650388,11.9442401
119,1068.0,325702623,46.766658,11.943937
120,1022.0,325702625,46.7674691,11.9431801
121,1022.0,325702627,46.7682422,11.9428613
122,1634.0,325704607,46.7521124,11.9929243
123,1852.0,325705198,46.7477208,11.9815558
124,1811.0,325705200,46.7502556,11.9825514
125,1882.0,325705203,46.746987,11.9804358
126,1882.0,325705204,46.7465387,11.9801056
127,1882.0,325705206,46.7461765,11.9799283
128,1914.0,325705208,46.7456342,11.9796595
129,1962.0,325705210,46.7448729,11.9791447
130,1962.0,325705212,46.7445543,11.9786876
131,1962.0,325705214,46.7441038,11.9780367
132,1961.0,325705217,46.7432619,11.9772247
133,2010.0,325705219,46.7426039,11.9765347
134,2010.0,325705221,46.7423098,11.9758481
135,2010.0,325705224,46.742251,11.9755047
136,2010.0,325705226,46.7419275,11.9752043
137,1767.0,325705409,46.7511492,11.9839254
138,1767.0,325705410,46.7509566,11.9834496
139,1811.0,325705412,46.7506614,11.9828003
140,1604.0,325705580,46.7519434,11.9926537
141,1655.0,325705583,46.751947,11.9908995
142,1671.0,325705585,46.7519191,11.9890155
143,1729.0,325705586,46.7518487,11.987005
144,1729.0,325705589,46.7517038,11.9861814
145,1729.0,325705591,46.7516745,11.9857525
146,1811.0,325705603,46.7504614,11.9825943
147,2032.0,325706157,46.7414028,11.9745499
148,1993.0,325706158,46.741604,11.9751872
149,1185.0,325751319,46.7455365,12.009046
150,1241.0,325751324,46.7454384,12.0083319
151,1241.0,325751330,46.7450991,12.006251
152,1285.0,325751338,46.7447756,12.0049636
153,1350.0,325751342,46.7446874,12.0038907
154,1411.0,325751348,46.7445109,12.0015733
155,1411.0,325751351,46.7445907,12.0001566
156,1471.0,325751356,46.7447663,11.9992425
157,1471.0,325751360,46.7448353,11.998398
158,1514.0,325751363,46.7447957,11.9971393
159,1514.0,325751369,46.7449521,11.9963376
160,1555.0,325751376,46.7449521,11.995608
161,1555.0,325751380,46.7450697,11.9945352
162,1555.0,325751387,46.7449785,11.9938056
163,1613.0,325751392,46.7449227,11.9932048
164,1613.0,325751399,46.7449521,11.9923465
165,1668.0,325751403,46.7452749,11.9912816
166,1668.0,325751408,46.7454798,11.9900274
167,1705.0,325751411,46.7451718,11.988866
168,1768.0,325751422,46.7451552,11.9870689
169,1768.0,325751428,46.7452399,11.9862251
170,1820.0,325751434,46.7452167,11.9852654
171,1820.0,325751440,46.745305,11.9843642
172,1820.0,325751446,46.7453344,11.9836776
173,1876.0,325751451,46.7452755,11.9831626
174,1876.0,325751456,46.7450401,11.9827753
175,1876.0,325751462,46.7448638,11.9823472
176,1876.0,325751469,46.744643,11.9817178
177,1914.0,325751473,46.7445698,11.9811027
178,1914.0,325751479,46.7446146,11.980228
179,1914.0,325751486,46.7445983,11.9793653
180,1962.0,325754915,46.7448234,11.9772022
181,2001.0,325754920,46.7451285,11.976339
182,2046.0,325754924,46.7454503,11.9742411
183,2046.0,325755314,46.7443463,11.9733607
184,2046.0,325756275,46.7458089,11.9743662
185,2047.0,325756709,46.7437287,11.9729659
186,1703.0,343757756,46.7544092,11.9579752
187,1703.0,343757758,46.7558248,11.958127
188,1638.0,343757759,46.757027,11.9579643
189,1552.0,343757760,46.7583749,11.9587124
190,1552.0,343757761,46.7590463,11.9588851
191,1552.0,343757762,46.7597893,11.9595727
192,1424.0,343757764,46.7609223,11.960873
193,1424.0,343757765,46.7611694,11.960909
194,1424.0,343757766,46.7616175,11.9604868
195,1424.0,343757767,46.7617234,11.9601382
196,1282.0,343757769,46.7638997,11.9574939
197,1235.0,343757770,46.7643067,11.9562298
198,1156.0,343757771,46.7647404,11.9553662
199,1137.0,343757772,46.76593,11.9515907
200,1115.0,343757774,46.7658541,11.9491154
201,1115.0,343757775,46.7658485,11.94858
202,1057.0,343757776,46.7670506,11.9461228
203,1022.0,343757778,46.7680586,11.9434331
204,990.0,343757781,46.7700837,11.9417997
205,2274.0,343758485,46.7395196,11.9596051
206,2233.0,343758488,46.7398968,11.9591924
207,2233.0,343758491,46.7406565,11.9588571
208,2233.0,343758493,46.7414209,11.9587786
209,2137.0,343758495,46.7424454,11.9584137
210,2149.0,343758496,46.7432872,11.9579968
211,2072.0,343758497,46.7443583,11.9577887
212,2072.0,343758500,46.7456194,11.9578769
213,2005.0,343758501,46.7466672,11.9579002
214,2005.0,343758503,46.7478866,11.9579934
215,1945.0,343758504,46.7483761,11.9574179
216,1945.0,343758505,46.7493976,11.9572977
217,1858.0,343758508,46.750437,11.9573563
218,1766.0,343758510,46.7529979,11.9583667
219,2267.0,343759536,46.7393873,11.9580116
220,1692.0,343759542,46.7542589,11.9587753
221,1758.0,354930556,46.722833,11.9651954
222,2001.0,354930558,46.7161724,11.9708035
223,1474.0,354932669,46.7109921,11.9511505
224,1474.0,354932671,46.7111024,11.9505889
225,1798.0,354932673,46.7194042,11.9638322
226,1748.0,354932676,46.7229927,11.9633065
227,1833.0,354932678,46.7268538,11.968738
228,1548.0,354932996,46.7336508,11.9945958
229,1983.0,354941764,46.7367451,11.9730948
230,1983.0,354941766,46.7370103,11.9740859
231,1945.0,354941768,46.7364092,11.9757988
232,1872.0,354941771,46.7358579,11.9811879
233,1705.0,354941774,46.7351569,11.9877483
234,1657.0,354941776,46.7342328,11.9901335
235,1614.0,354941778,46.7332495,11.9919195
236,1614.0,354941781,46.7332186,11.9930923
237,1565.0,354941783,46.7332413,11.9939515
238,1548.0,354941785,46.7334283,11.994507
239,2001.0,354941793,46.716147,11.9699643
240,1911.0,354941794,46.7173387,11.9675597
241,1817.0,354941797,46.7207174,11.9648382
242,1946.0,354941802,46.7171598,11.9690889
243,1758.0,354941804,46.7220775,11.9646804
244,1911.0,354941806,46.7185749,11.9667004
245,1883.0,354941809,46.7185103,11.9652964
246,1798.0,354941812,46.7188866,11.9634241
247,1807.0,354941816,46.7177111,11.9629204
248,1727.0,354941818,46.7171284,11.9624465
249,1730.0,354941821,46.7166201,11.9614467
250,1730.0,354941823,46.7160814,11.960824
251,1686.0,354941825,46.7155374,11.959839
252,1629.0,354941827,46.7149497,11.9581791
253,1597.0,354941829,46.7143445,11.9566731
254,1577.0,354941831,46.7138415,11.9552281
255,1526.0,354941833,46.7129687,11.9515305
256,1526.0,354941836,46.7126688,11.9505937
257,1526.0,354941838,46.7125151,11.9504879
258,1474.0,354941840,46.7122834,11.9507339
259,1474.0,354941842,46.7122337,11.9511464
260,1474.0,354941844,46.7121635,11.9513337
261,1474.0,354941846,46.7118068,11.9515639
262,1474.0,354941848,46.7113592,11.9515444
263,1474.0,354941850,46.711168,11.9514531
264,1474.0,354941852,46.7108607,11.9512843
265,1474.0,354941856,46.7105916,11.9506519
266,1429.0,354941858,46.7098687,11.9493342
267,1429.0,354941860,46.7093411,11.9481965
268,1408.0,354941861,46.7089972,11.9467285
269,1402.0,354941863,46.7088003,11.9455181
270,1357.0,354941864,46.7080805,11.9433808
271,1325.0,354941865,46.7075096,11.9415708
272,1325.0,354941866,46.707038,11.9404063
273,1329.0,354941867,46.7064507,11.9389586
274,1324.0,354941868,46.7062149,11.9385682
275,1288.0,354941870,46.7052516,11.9364126
276,1288.0,354941871,46.7052275,11.9355013
277,1263.0,354941872,46.7051565,11.9335277
278,1242.0,354941873,46.7051143,11.9321795
279,1229.0,354941874,46.7046812,11.9305842
280,1129.0,433347727,46.7639615,11.941656
281,1850.0,445079692,46.7287717,11.9685184
282,1847.0,445079695,46.728933,11.9693254
283,1827.0,603134282,46.7355307,11.9831578
284,1789.0,603134285,46.7353674,11.98474
285,1872.0,603134286,46.735846,11.9801309
286,1657.0,603134287,46.734787,11.9896032
287,1705.0,603134288,46.7350523,11.9889499
288,1752.0,603134290,46.7351905,11.9862378
289,1657.0,603134292,46.733663,11.9907914
290,2197.0,603134293,46.7382367,11.9639664
291,2197.0,603134294,46.7383285,11.9632975
292,2239.0,603134295,46.7384652,11.9620841
293,2239.0,603134296,46.7385309,11.9612275
294,2274.0,603134297,46.7385911,11.959984
295,2274.0,603134299,46.7387586,11.9592818
296,2158.0,603134300,46.7381385,11.9649971
297,2158.0,603134301,46.7380174,11.9659243
298,2158.0,603134302,46.7379176,11.9665227
299,2118.0,603134303,46.7378281,11.9673702
300,2118.0,603134305,46.7376559,11.9681918
301,2042.0,603134306,46.7374537,11.9690104
302,2042.0,603134307,46.7373953,11.9694018
303,1983.0,603134308,46.7369095,11.9745376
304,1983.0,603134309,46.7364795,11.9748493
305,2042.0,603134310,46.7372362,11.9705017
306,2010.0,603134311,46.7371066,11.9717411
307,2010.0,603134312,46.7369698,11.9725905
308,2010.0,603134314,46.7368107,11.9728577
309,1983.0,603134315,46.7367768,11.973252
310,1827.0,603134316,46.735794,11.9823908
311,1685.0,607406117,46.7217259,11.960206
312,1817.0,607406119,46.7188545,11.9656136
313,1824.0,607406121,46.7258466,11.9585641
314,1824.0,607406123,46.7262239,11.9584407
315,1943.0,607406125,46.7284871,11.9582545
316,1943.0,607406127,46.7286578,11.9579487
317,1943.0,607406129,46.7289184,11.9577468
318,1943.0,607406132,46.7291529,11.9577616
319,2040.0,607406134,46.7295628,11.958071
320,1778.0,607406138,46.7255124,11.9629709
321,1810.0,607406139,46.7254633,11.9623035
322,1810.0,607406143,46.7253117,11.9614037
323,1810.0,607406147,46.7254699,11.9604312
324,1824.0,607406148,46.7255764,11.9598621
325,1824.0,607406152,46.7256782,11.9588528
326,1824.0,607406154,46.7265115,11.9586409
327,1824.0,607406158,46.7269204,11.9591366
328,1928.0,607406159,46.7275276,11.9594669
329,1928.0,607406163,46.7281674,11.9598111
330,1928.0,607406165,46.7282466,11.9593856
331,1928.0,607406168,46.7283971,11.9587994
332,2027.0,607406172,46.7298166,11.9586052
333,2027.0,607406180,46.730205,11.9591019
334,2027.0,607406183,46.7303265,11.9591911
335,2027.0,607406185,46.7308365,11.9597757
336,2027.0,607406188,46.731111,11.9600686
337,2087.0,607406190,46.7313981,11.9603029
338,2072.0,607406194,46.7318504,11.9605891
339,2161.0,607406195,46.7341307,11.9596628
340,2058.0,607406199,46.7346531,11.9667118
341,2099.0,607406203,46.7352536,11.9658577
342,2126.0,607406205,46.7357934,11.9649505
343,2058.0,607406208,46.7337382,11.9676846
344,2211.0,607406210,46.7372559,11.9585141
345,2274.0,607406280,46.738103,11.9584149
346,2239.0,607406283,46.7376407,11.960858
347,2191.0,607406288,46.7373808,11.9617149
348,2157.0,607406289,46.736237,11.9641515
349,2157.0,607406291,46.736871,11.9630342
350,2274.0,607406292,46.7382723,11.9590612
351,1939.0,663794030,46.7466964,11.9506884
352,1843.0,663794031,46.7482743,11.9519989
353,1870.0,663794032,46.7487311,11.9523118
354,1870.0,663794033,46.7488177,11.9524721
355,1870.0,663794034,46.7493747,11.9530194
356,1870.0,663794035,46.7489279,11.9523867
357,1137.0,663794036,46.7661952,11.9507626
358,960.0,663794039,46.7721343,11.9417994
359,2087.0,663794040,46.7320169,11.9583917
360,2177.0,663794041,46.7345591,11.9576375
361,2177.0,663794042,46.7334926,11.9578976
362,2027.0,663794043,46.7310784,11.9589805
363,2238.0,663794044,46.7368313,11.955651
364,2238.0,663794045,46.7364892,11.9557702
365,2226.0,663794047,46.7374991,11.9563226
366,2238.0,663794048,46.7372184,11.9558527
367,2226.0,663794049,46.7360043,11.9563222
368,2267.0,663794054,46.739224,11.9576554
369,2237.0,663794055,46.739747,11.95775
370,2237.0,663794056,46.7404287,11.9577244
371,2237.0,663794057,46.7410113,11.9575211
372,2237.0,663794058,46.7415374,11.9571346
373,2149.0,663794059,46.7422253,11.9569103
374,2149.0,663794060,46.7428852,11.9563819
375,2076.0,663794061,46.74412,11.9557926
376,2076.0,663794062,46.7446622,11.9548212
377,2033.0,663794063,46.7444261,11.9539147
378,2076.0,663794065,46.7445791,11.9556446
379,2076.0,663794066,46.744679,11.9552478
380,2076.0,663794067,46.7452345,11.9562148
381,2005.0,663794068,46.7467384,11.9564712
382,2005.0,663794069,46.7477043,11.9565984
383,1870.0,663794070,46.7497796,11.9537916
384,1853.0,663794071,46.75056,11.9542298
385,1853.0,663794072,46.7509407,11.9542414
386,1853.0,663794073,46.7514666,11.9544222
387,1768.0,663794074,46.7522117,11.9555635
388,1768.0,663794078,46.7524614,11.9559418
389,1775.0,663794079,46.752535,11.9564321
390,1775.0,663794080,46.7528147,11.9576945
391,1775.0,663794081,46.7540888,11.9583046
392,1775.0,663794082,46.7535287,11.958042
393,1282.0,663794083,46.7633789,11.9581149
394,1424.0,663794084,46.7620399,11.9590963
395,1424.0,663794085,46.7618504,11.9596325
396,1424.0,663794086,46.7613958,11.960725
397,1133.0,663794087,46.7656415,11.9530826
398,1324.0,663802708,46.7055508,11.9375496
399,1357.0,663802709,46.7078422,11.9425508
400,1402.0,663802710,46.7084002,11.9442643
401,1474.0,663802711,46.7111998,11.9510648
402,1686.0,663802713,46.7158062,11.9604145
403,1807.0,663802714,46.7183414,11.9628838
404,1798.0,663802716,46.7193106,11.9639525
405,1798.0,663802719,46.7193674,11.963904
406,1798.0,663802720,46.7197086,11.9638921
407,1798.0,663802721,46.7194156,11.9634476
408,1721.0,663802722,46.7218443,11.9618403
409,1721.0,663802723,46.7218458,11.9610731
410,1685.0,663802725,46.7218524,11.9603264
411,1748.0,663802726,46.7236155,11.9635311
412,1748.0,663802727,46.7233906,11.9634114
413,1742.0,663802728,46.722332,11.964248
414,1742.0,663802729,46.7223715,11.9638114
415,1742.0,663802730,46.72231,11.9635893
416,1742.0,663802731,46.7222312,11.9632156
417,1742.0,663802732,46.7228611,11.9634943
418,2001.0,663802734,46.7164225,11.9688411
419,1945.0,663802735,46.7165163,11.9672833
420,1911.0,663802736,46.7170832,11.9670592
421,1911.0,663802737,46.7182404,11.9678522
422,1946.0,663802738,46.7173855,11.968868
423,1883.0,663802739,46.7186435,11.9652036
424,1817.0,663802740,46.718758,11.9654992
425,1817.0,663802742,46.7206092,11.9647999
426,1758.0,663802743,46.7228566,11.9651274
427,1742.0,663802744,46.7226755,11.9640755
428,1778.0,663802746,46.7253781,11.9639263
429,1778.0,663802747,46.7252975,11.9637264
430,1778.0,663802748,46.7251466,11.9637105
431,1784.0,663802749,46.7259335,11.9658858
432,1784.0,663802750,46.7255715,11.9651425
433,1784.0,663802752,46.7254508,11.9646926
434,1778.0,663802753,46.7254106,11.9641645
435,1832.0,663802755,46.7270442,11.9688301
436,1847.0,663802756,46.7272728,11.9687981
437,1850.0,663802757,46.7275131,11.968546
438,1850.0,663802758,46.7276714,11.9683425
439,1833.0,663802760,46.726828,11.9673338
440,1833.0,663802761,46.7265317,11.96699
441,1474.0,663803453,46.7110312,11.9514545
442,1229.0,663805004,46.7048822,11.9310785
443,1094.0,880581240,46.7648702,11.9406356
444,1093.0,880581262,46.7643413,11.9247878
445,948.0,880581269,46.7674093,11.9196368
446,1094.0,880581280,46.7647487,11.9410847
447,1093.0,880581309,46.7640378,11.9249316
448,948.0,880581323,46.7670443,11.9193728
449,1045.0,880581358,46.7640062,11.9254362
450,1090.0,880581365,46.7653561,11.9383276
451,996.0,880581376,46.7665542,11.9193614
452,1045.0,880581415,46.7634224,11.9261952
453,1090.0,880581422,46.7653303,11.9384196
454,996.0,880581426,46.7661533,11.9196239
455,1000.0,880581436,46.7646492,11.9243567
456,1090.0,880581483,46.7650874,11.9392442
457,1129.0,880581485,46.7644903,11.9414819
458,996.0,880581494,46.7657087,11.9201896
459,1094.0,880581542,46.7649438,11.9403007
460,992.0,880581554,46.7652601,11.9218979
461,1093.0,880581566,46.7644319,11.9247794
462,1759.0,1098863159,46.7504721,11.9389948
463,1949.0,1098863325,46.7470434,11.9489348
464,1759.0,1098863658,46.7507474,11.9382759
465,1889.0,1098864102,46.7480829,11.9470498
466,1928.0,1100471800,46.7278784,11.9598175
467,1983.0,1100489822,46.7365395,11.9732863
468,2239.0,1221478038,46.7391715,11.9616791
469,2145.0,1221478040,46.7416963,11.9658459
470,1748.0,1221478043,46.7229662,11.9638615
471,2047.0,1221478047,46.7421622,11.9739705
472,1811.0,1221478050,46.7516693,11.9819165
473,1185.0,1221478054,46.7454204,12.0093403
474,2033.0,1221478070,46.7451767,11.9540262
475,1705.0,1221478074,46.745136,11.9877307
476,1128.0,1221478083,46.7643181,11.9434275
477,2072.0,1221478087,46.7323752,11.9619564
478,2050.0,1221478089,46.7466007,11.9710843
479,1742.0,1221478106,46.7219688,11.9642127
480,1546.0,1221478109,46.7132519,11.9523545
481,1668.0,1221478111,46.7441438,11.9907546
482,2075.0,1221478118,46.7433413,11.9505834
483,1115.0,1221478124,46.7659994,11.9480349
484,1772.0,1221478134,46.7480155,11.9846145
485,2136.0,1221478135,46.733522,11.9612857
486,1798.0,1221478136,46.7193745,11.9626426
487,1022.0,1221478139,46.7671191,11.9420844
488,1773.0,1221478142,46.7240179,11.9651777
489,2078.0,1221478144,46.7423105,11.9717917
490,1842.0,1221478147,46.7190207,11.9670549
491,1068.0,1221478149,46.7657441,11.9444162
492,2010.0,1221478163,46.741675,11.9752983
493,2154.0,1221478165,46.7420192,11.9548059
494,2109.0,1221478169,46.743289,11.9698262
495,2022.0,1221478176,46.7435647,11.949831
496,1748.0,1221478184,46.7232225,11.9630577
497,2145.0,1221478193,46.7444501,11.9680912
498,1748.0,1221478203,46.7238169,11.9642471
499,1939.0,1221478208,46.7475616,11.9515358
500,2181.0,1221478211,46.7399545,11.9663489
501,2072.0,1221478229,46.7320651,11.9615187
502,2191.0,1221478233,46.7358719,11.9618214
503,1811.0,1221478235,46.7501288,11.9825572
504,2066.0,1221478236,46.7325777,11.9639082
505,1833.0,1221478240,46.7251981,11.9678247
506,2143.0,1221478249,46.7426579,11.9682214
507,2267.0,1221478254,46.7392389,11.9575219
508,2068.0,1221478257,46.7412365,11.9719756
509,1764.0,1221478271,46.720741,11.9608319
510,976.0,1221478273,46.7689896,11.9411437
511,2214.0,1221478274,46.7396804,11.9645495
512,2145.0,1221478276,46.7420633,11.9665885
513,1854.0,1221478278,46.7280901,11.9659528
514,2032.0,1221478279,46.7416423,11.9747794
515,1811.0,1221478281,46.751822,11.9824763
516,1156.0,1221478283,46.7466388,12.0106899
517,1857.0,1221478287,46.7514192,11.9794917
518,2078.0,1221478288,46.7430518,11.9722876
519,1685.0,1221478292,46.7218466,11.9601693
520,2072.0,1221478293,46.7321795,11.9618564
521,1996.0,1221478296,46.7492535,11.9743868
522,1911.0,1221478297,46.7178026,11.9677827
523,1668.0,1221478307,46.7441541,11.9907381
524,2075.0,1221478310,46.7431975,11.9513083
525,953.0,1221478312,46.7711566,11.9413135
526,1796.0,1221478314,46.7475144,11.9851172
527,2013.0,1221478316,46.7454652,11.9490439
528,1748.0,1221478318,46.7237783,11.9639625
529,1022.0,1221478319,46.767342,11.9420369
530,1784.0,1221478328,46.7253206,11.9664269
531,2239.0,1221478330,46.7392291,11.9610104
532,2078.0,1221478331,46.741991,11.9721235
533,1850.0,1221478333,46.7273839,11.9677863
534,1128.0,1221478335,46.7643463,11.9430868
535,2075.0,1221478354,46.7438233,11.9726163
536,1742.0,1221478358,46.7228485,11.9637704
537,1811.0,1221478362,46.7512318,11.9817362
538,1748.0,1221478364,46.723794,11.9641796
539,1939.0,1221478380,46.7470058,11.9511074
540,2136.0,1221478382,46.7352588,11.962392
541,2137.0,1221478383,46.7401796,11.9676128
542,2274.0,1221478399,46.7395726,11.9597765
543,2072.0,1221478403,46.7332797,11.961882
544,2047.0,1221478410,46.7428198,11.9732987
545,2143.0,1221478412,46.7423105,11.9684714
546,2181.0,1221478413,46.7396825,11.9654289
547,2154.0,1221478417,46.7435326,11.9559115
548,2242.0,1221478426,46.7396554,11.9613073
549,1751.0,1221478427,46.7461661,11.987247
550,1685.0,1221478431,46.7217192,11.959916
551,953.0,1221478432,46.7714697,11.9402559
552,2211.0,1221478434,46.7368505,11.9594116
553,2109.0,1221478447,46.7431208,11.9690899
554,1854.0,1221478449,46.7283044,11.96627
555,1993.0,1221478451,46.7416455,11.9750261
556,1634.0,1221478454,46.7520866,11.9929862
557,2274.0,1221478458,46.7393063,11.9593671
558,1857.0,1221478461,46.751409,11.9800266
559,2078.0,1221478464,46.7432271,11.9723973
560,1685.0,1221478470,46.7218201,11.9601264
561,1069.0,1221478474,46.7648727,11.9428706
562,2072.0,1221478476,46.7320222,11.9613569
563,1996.0,1221478478,46.7496969,11.9747884
564,1945.0,1221478482,46.7165631,11.9671313
565,953.0,1221478483,46.7718766,11.9400789
566,2078.0,1221478492,46.7428193,11.9717182
567,2115.0,1221478498,46.7426116,11.953411
568,1751.0,1221478501,46.7469547,11.9863454
569,2013.0,1221478504,46.7448495,11.9485877
570,1748.0,1221478505,46.7240716,11.9638436
571,1026.0,1221478506,46.7684511,11.9415508
572,1833.0,1221478520,46.7255958,11.9666968
573,2143.0,1221478523,46.7432521,11.9672757
574,1833.0,1221478525,46.7260385,11.9668834
575,1128.0,1221478529,46.7644777,11.9430821
576,2046.0,1221478544,46.7441365,11.973109
577,2055.0,1221478548,46.7323093,11.9663954
578,1832.0,1221478552,46.7263978,11.9692629
579,1811.0,1221478554,46.7511148,11.9820591
580,2274.0,1221478556,46.7381076,11.9591018
581,1775.0,1221478559,46.7526151,11.9570916
582,2104.0,1221478576,46.7406836,11.9704047
583,1764.0,1221478580,46.7196302,11.9616277
584,2274.0,1221478587,46.7379976,11.9592906
585,2214.0,1221478589,46.7407372,11.9626612
586,1911.0,1221478592,46.7176321,11.9683759
587,2047.0,1221478616,46.742657,11.9736232
588,1958.0,1221478623,46.7487933,11.9769514
589,2104.0,1221478626,46.7403072,11.9692833
590,2076.0,1221478632,46.7444427,11.9557116
591,1962.0,1221478633,46.7446507,11.9779159
592,1690.0,1221478634,46.7459957,11.9875066
593,2072.0,1221478666,46.7325843,11.9604272
594,1685.0,1221478667,46.7218574,11.9600544
595,1128.0,1221478669,46.7638848,11.943051
596,2072.0,1221478672,46.7329517,11.9617711
597,2145.0,1221478676,46.7452148,11.9686387
598,1686.0,1221478689,46.7152222,11.9589711
599,1668.0,1221478690,46.7443502,11.9908032
600,1634.0,1221478691,46.7520899,11.9929511
601,1548.0,1221478693,46.7338245,11.9946234
602,1552.0,1221478696,46.7602775,11.9603652
603,1811.0,1221478699,46.7502532,11.98291
604,1817.0,1221478738,46.7190794,11.9659816
605,1069.0,1221478742,46.766205,11.9424787
606,1833.0,1221478746,46.7250846,11.9670675
607,1912.0,1221478753,46.7509603,11.9779095
608,1945.0,1221478759,46.7165114,11.9680058
609,1950.0,1221478768,46.7293336,11.970786
610,953.0,1221478773,46.7723846,11.9398661
611,2078.0,1221478782,46.7427488,11.9717908
612,2115.0,1221478791,46.7423827,11.9537941
613,1751.0,1221478800,46.746806,11.9864482
614,2013.0,1221478804,46.7439562,11.9485676
615,2237.0,1221478828,46.7409674,11.9564323
616,1748.0,1221478830,46.7244279,11.9639038
617,2274.0,1221478831,46.7376926,11.9589098
618,2143.0,1221478835,46.7433291,11.9672693
619,1748.0,1221478836,46.7237412,11.9641527
620,1955.0,1221478838,46.7477595,11.9527466
621,1705.0,1221478841,46.7448808,11.9890277
622,2046.0,1221478869,46.7449522,11.9737721
623,2055.0,1221478873,46.7323937,11.9660991
624,1324.0,1221478877,46.7059968,11.9383109
625,1832.0,1221478893,46.7260258,11.9693314
626,1604.0,1221478894,46.7518306,11.9920001
627,1775.0,1221478903,46.752653,11.9574213
628,2068.0,1221478910,46.7407863,11.9710759
629,1764.0,1221478915,46.7197966,11.9611952
630,2239.0,1221478918,46.7393428,11.9622931
631,2214.0,1221478928,46.7409281,11.9632396
632,1748.0,1221478931,46.7230352,11.9635387
633,2047.0,1221478934,46.7420714,11.9739705
634,1857.0,1221478936,46.7506995,11.9795951
635,1185.0,1221478937,46.7452541,12.0095688
636,2033.0,1221478952,46.7454748,11.9540079
637,2078.0,1221478954,46.7416869,11.9718624
638,1742.0,1221478956,46.722757,11.9637404
639,2072.0,1221478957,46.732818,11.9619922
640,2050.0,1221478958,46.74709,11.9716198
641,1742.0,1221478959,46.7215175,11.9643458
642,1474.0,1221478971,46.7119889,11.9514703
643,1668.0,1221478973,46.744229,11.9908279
644,1548.0,1221478975,46.7338245,11.9946819
645,1314.0,1221478976,46.7625337,11.9586872
646,1811.0,1221478977,46.7502757,11.9831806
647,1817.0,1221478984,46.7188949,11.9657915
648,1069.0,1221478986,46.7664834,11.9422856
649,1833.0,1221478988,46.7251939,11.9673807
650,2109.0,1221478990,46.7421001,11.9695424
651,1817.0,1221478994,46.7200627,11.9660716
652,1128.0,1221478996,46.7637886,11.9430213
653,2010.0,1221478998,46.7417211,11.9752106
654,1817.0,1221478999,46.7195361,11.966044
655,2109.0,1221479007,46.743496,11.9703618
656,2013.0,1221479010,46.7438542,11.9487728
657,2237.0,1221479012,46.7400105,11.9568332
658,1748.0,1221479014,46.7231852,11.9629185
659,2145.0,1221479027,46.7448134,11.9682923
660,1748.0,1221479028,46.7236468,11.963899
661,1955.0,1221479031,46.7477194,11.9524688
662,1705.0,1221479034,46.7448103,11.9893019
663,2046.0,1221479067,46.7446511,11.9735011
664,2066.0,1221479069,46.7326989,11.9634956
665,1263.0,1221479071,46.7051732,11.9345384
666,1784.0,1221479079,46.725483,11.9666222
667,2075.0,1221479085,46.7443108,11.9717191
668,2267.0,1221479096,46.7392853,11.9577104
669,2068.0,1221479100,46.7413442,11.9726682
670,1721.0,1221479111,46.7209799,11.9606383
671,976.0,1221479114,46.7697723,11.9407932
672,2197.0,1221479118,46.739333,11.9628858
673,2143.0,1221479132,46.7425168,11.9674163
674,1854.0,1221479134,46.7274841,11.9651801
675,2047.0,1221479136,46.7419367,11.974071
676,1811.0,1221479139,46.7517995,11.9831175
677,1192.0,1221479144,46.745851,12.0096831
678,2033.0,1221479148,46.7457955,11.9539348
679,2078.0,1221479157,46.7421288,11.9722418
680,1742.0,1221479168,46.7226851,11.9638479
681,2072.0,1221479173,46.7320526,11.9616722
682,2050.0,1221479177,46.7475869,11.972412
683,1911.0,1221479182,46.7175855,11.9677868
684,1668.0,1221479188,46.7442044,11.9907561
685,2075.0,1221479195,46.7430158,11.951983
686,953.0,1221479203,46.7716069,11.9414996
687,1751.0,1221479204,46.7473735,11.9854942
688,1949.0,1221479206,46.7463293,11.9498692
689,1748.0,1221479209,46.7238099,11.963888
690,1022.0,1221479211,46.7674847,11.9419236
691,1833.0,1221479215,46.7252503,11.96715
692,1909.0,1221479220,46.7362697,11.9772491
693,2078.0,1221479229,46.7427166,11.972133
694,2239.0,1221479231,46.7388411,11.9624887
695,1128.0,1221479232,46.763912,11.9429675
696,2010.0,1221479234,46.7418073,11.9751638
697,2154.0,1221479236,46.7420283,11.9551394
698,2078.0,1221479237,46.7437019,11.9710423
699,2030.0,1221479238,46.732009,11.9685404
700,1748.0,1221479239,46.7231298,11.9628872
701,1807.0,1221479254,46.7186959,11.9629662
702,1748.0,1221479259,46.723772,11.9640508
703,1870.0,1221479262,46.7488694,11.952398
704,2116.0,1221479264,46.7339046,11.9639903
705,2137.0,1221479265,46.7402872,11.9683554
706,2087.0,1221479292,46.7329699,11.9602143
707,2233.0,1221479294,46.7397488,11.9602763
708,2066.0,1221479297,46.7327494,11.9630388
709,2078.0,1221479303,46.742752,11.9720528
710,2109.0,1221479308,46.7421001,11.9689212
711,2267.0,1221479312,46.7389872,11.9577973
712,2032.0,1221479315,46.7413833,11.9729467
713,1685.0,1221479324,46.7213015,11.9602937
714,976.0,1221479334,46.7700402,11.9407342
715,2211.0,1221479338,46.7356025,11.9601342
716,2143.0,1221479341,46.7426546,11.967727
717,1850.0,1221479345,46.7284504,11.966684
718,2078.0,1221479348,46.7430836,11.971632
719,1767.0,1221479349,46.7517082,11.9838052
720,1857.0,1221479366,46.7514012,11.9808264
721,2078.0,1221479370,46.7433147,11.9726166
722,1685.0,1221479374,46.7217677,11.9601148
723,1069.0,1221479376,46.7651011,11.9428355
724,2072.0,1221479379,46.7319875,11.9614967
725,1958.0,1221479382,46.749995,11.9755694
726,1911.0,1221479383,46.7169623,11.9668413
727,1853.0,1221479398,46.7517017,11.9550411
728,1668.0,1221479399,46.7442516,11.9907426
729,2115.0,1221479403,46.7429469,11.9522868
730,960.0,1221479408,46.7722278,11.9419191
731,2016.0,1221479409,46.7460271,11.9735291
732,1751.0,1221479422,46.7473227,11.9858712
733,2013.0,1221479425,46.7446482,11.9484469
734,1748.0,1221479427,46.7238814,11.9638472
735,1026.0,1221479429,46.767935,11.9415929
736,2267.0,1221479430,46.7377002,11.957815
737,2078.0,1221479432,46.742376,11.9719388
738,1784.0,1221479433,46.7251705,11.9662468
739,1069.0,1221479434,46.7646765,11.9429581
740,2143.0,1221479455,46.7431121,11.9674351
741,2030.0,1221479458,46.7319625,11.9678797
742,1832.0,1221479459,46.7269268,11.9688355
743,1811.0,1221479461,46.7510523,11.9822767
744,1548.0,1221479470,46.7337267,11.9947474
745,1870.0,1221479472,46.7488341,11.9524472
746,2055.0,1221479475,46.73328,11.9647088
747,2104.0,1221479479,46.7403606,11.968998
748,2242.0,1221479495,46.7399347,11.9609689
749,1946.0,1221479497,46.716783,11.9692026
750,2047.0,1221479504,46.7425004,11.9738791
751,2016.0,1221479506,46.7471455,11.9749642
752,2118.0,1221479508,46.7383273,11.9684093
753,2033.0,1221479511,46.7444766,11.9541086
754,2016.0,1221479525,46.7464007,11.9741185
755,1690.0,1221479526,46.7458454,11.9876017
756,1685.0,1221479533,46.7219055,11.9601538
757,1128.0,1221479536,46.76401,11.9431204
758,2136.0,1221479539,46.7343597,11.9607847
759,2104.0,1221479543,46.7456376,11.9691825
760,1629.0,1221479568,46.7146183,11.9573461
761,1668.0,1221479576,46.7446107,11.9902673
762,1858.0,1221479587,46.7514146,11.9577671
763,2078.0,1221479606,46.7435552,11.9728872
764,1817.0,1221479614,46.7187795,11.9655927
765,1069.0,1221479618,46.7653195,11.9429115
766,1779.0,1221479621,46.724623,11.9668276
767,1945.0,1221479627,46.7502167,11.9762723
768,2001.0,1221479634,46.7163048,11.9692849
769,2267.0,1221479639,46.7378445,11.9573515
770,953.0,1221479651,46.7726318,11.9398433
771,2078.0,1221479660,46.7427247,11.9718914
772,2154.0,1221479672,46.7421942,11.9542853
773,2075.0,1221479683,46.744987,11.971886
774,1751.0,1221479687,46.746669,11.986591
775,2013.0,1221479699,46.7443891,11.9483664
776,1748.0,1221479703,46.7245507,11.9639842
777,2267.0,1221479704,46.7377108,11.9568103
778,2143.0,1221479709,46.743374,11.967273
779,1773.0,1221479711,46.7247508,11.9656394
780,1955.0,1221479718,46.7469629,11.9533974
781,2143.0,1221479750,46.743215,11.9673107
782,2055.0,1221479754,46.7323751,11.9653341
783,1329.0,1221479759,46.7066183,11.9393498
784,1832.0,1221479762,46.7257517,11.9692229
785,1811.0,1221479777,46.7510042,11.9824943
786,1853.0,1221479781,46.751857,11.9553256
787,2068.0,1221479783,46.7408597,11.9713901
788,1764.0,1221479786,46.719958,11.9610018
789,2274.0,1221479811,46.7386968,11.9604081
790,2214.0,1221479813,46.7410944,11.9638394
791,2001.0,1221479816,46.7160885,11.9705601
792,2047.0,1221479820,46.742419,11.9739751
793,1857.0,1221479823,46.7511008,11.9803063
794,2267.0,1221479827,46.7392138,11.9573584
795,2033.0,1221479843,46.7447308,11.954092
796,1705.0,1221479846,46.745665,11.9877077
797,1685.0,1221479854,46.7219135,11.9602386
798,1128.0,1221479857,46.7641102,11.9432191
799,2072.0,1221479862,46.7326987,11.9620491
800,2075.0,1221479865,46.7458662,11.9695846
801,1807.0,1221479875,46.7186354,11.96443
802,1577.0,1221479877,46.7140754,11.9560607
803,1668.0,1221479883,46.7441633,11.990804
804,1548.0,1221479892,46.7338021,11.99471
805,1156.0,1221479899,46.765499,11.9542512
806,1022.0,1221479928,46.7667832,11.9420797
807,1773.0,1221479934,46.724133,11.9662753
808,2018.0,1221479938,46.7450366,11.9509489
809,2109.0,1221479942,46.7421294,11.9701065
810,1758.0,1221479949,46.7216891,11.9648399
811,2032.0,1221479963,46.7413306,11.9736675
812,1911.0,1221479970,46.7184762,11.9671122
813,2154.0,1221479972,46.7420798,11.9546095
814,1751.0,1221479974,46.746532,11.9867167
815,2013.0,1221479975,46.7437604,11.9490343
816,1748.0,1221479979,46.724676,11.9640135
817,2143.0,1221480012,46.7436164,11.9674696
818,1748.0,1221480016,46.7235312,11.9636757
819,1955.0,1221480022,46.7476568,11.9521032
820,1668.0,1221480026,46.7446968,11.9897989
821,2001.0,1221480062,46.745392,11.9753653
822,2055.0,1221480066,46.7324333,11.9649144
823,1242.0,1221480069,46.7051505,11.9330173
824,1832.0,1221480072,46.7254972,11.9689087
825,2075.0,1221480073,46.7454137,11.9721176
826,953.0,1221480095,46.7719408,11.9412317
827,2068.0,1221480099,46.7409625,11.9715543
828,1764.0,1221480108,46.7202325,11.9609809
829,2197.0,1221480120,46.7394113,11.9634213
830,2181.0,1221480125,46.7414321,11.9650818
831,1854.0,1221480130,46.727699,11.9654661
832,2047.0,1221480134,46.7417676,11.9742538
833,1811.0,1221480139,46.7513993,11.9812539
834,1192.0,1221480142,46.746171,12.0102086
835,1955.0,1221480144,46.7463416,11.9536679
836,2078.0,1221480147,46.7426686,11.9722328
837,1748.0,1221480166,46.7231329,11.9633847
838,2072.0,1221480168,46.7325172,11.9620135
839,1996.0,1221480172,46.7480762,11.9731372
840,1883.0,1221480179,46.7185685,11.9658539
841,1325.0,1221480181,46.7067694,11.9397563
842,1668.0,1221480183,46.7441438,11.990777
843,2075.0,1221480199,46.7434158,11.9502615
844,1137.0,1221480200,46.7662388,11.9503373
845,1772.0,1221480205,46.7483403,11.9843175
846,1949.0,1221480208,46.7461071,11.949657
847,1798.0,1221480217,46.7192735,11.9629567
848,1022.0,1221480221,46.7669415,11.942027
849,1833.0,1221480235,46.7252057,11.9669997
850,1909.0,1221480243,46.7360424,11.978732
851,2078.0,1221480244,46.7422615,11.9711776
852,1850.0,1221480247,46.7277107,11.9675206
853,1128.0,1221480249,46.7640338,11.9429441
854,2010.0,1221480253,46.7418334,11.9750819
855,2078.0,1221480261,46.7437478,11.9714774
856,2022.0,1221480267,46.7436887,11.9493321
857,1748.0,1221480275,46.7230582,11.9628935
858,1748.0,1221480302,46.7238721,11.9644013
859,1939.0,1221480305,46.747529,11.9518107
860,2181.0,1221480307,46.7398321,11.9653778
861,2072.0,1221480331,46.7320803,11.9606411
862,1822.0,1221480333,46.749687,11.9823715
863,2066.0,1221480337,46.7328303,11.9627441
864,2078.0,1221480343,46.7428931,11.972591
865,2016.0,1221480345,46.7467645,11.9745576
866,2267.0,1221480363,46.7391786,11.9579754
867,2032.0,1221480364,46.7413735,11.9732609
868,1685.0,1221480369,46.721442,11.9600557
869,976.0,1221480371,46.7704045,11.9405554
870,2197.0,1221480373,46.7395385,11.9638926
871,2143.0,1221480389,46.7428117,11.9680689
872,1854.0,1221480392,46.7278496,11.9656397
873,1811.0,1221480397,46.7513395,11.9815626
874,2032.0,1221480401,46.7416486,11.9744549
875,1767.0,1221480402,46.7514959,11.9842782
876,1156.0,1221480405,46.7464626,12.0106327
877,1912.0,1221480415,46.7512208,11.9786787
878,2078.0,1221480419,46.7428282,11.9722458
879,1685.0,1221480424,46.7218604,11.960227
880,2072.0,1221480426,46.7319714,11.9613578
881,1996.0,1221480430,46.7486037,11.9737285
882,1911.0,1221480432,46.716833,11.9667234
883,990.0,1221480433,46.7696934,11.9420702
884,2078.0,1221480451,46.7430598,11.9715708
885,2115.0,1221480455,46.7428781,11.952498
886,953.0,1221480458,46.7717981,11.9414108
887,1751.0,1221480461,46.7472444,11.9861569
888,2013.0,1221480465,46.7458165,11.9494003
889,1748.0,1221480469,46.7239205,11.9638245
890,1026.0,1221480484,46.7680056,11.9415812
891,1833.0,1221480486,46.7253018,11.9669794
892,2239.0,1221480487,46.7389835,11.960718
893,2078.0,1221480491,46.7426344,11.9720588
894,1850.0,1221480493,46.7278576,11.9683338
895,1128.0,1221480495,46.7641453,11.9429402
896,1685.0,1221480521,46.7218687,11.9602783
897,2075.0,1221480522,46.7437548,11.9722165
898,2030.0,1221480524,46.732097,11.9672281
899,1748.0,1221480527,46.7230063,11.962999
900,1832.0,1221480529,46.7269503,11.9690215
901,1548.0,1221480530,46.7335583,11.9947053
902,1870.0,1221480534,46.7499588,11.9539423
903,2104.0,1221480560,46.7404438,11.9694622
904,2072.0,1221480568,46.7320866,11.9611093
905,2242.0,1221480569,46.7401696,11.9615402
906,2072.0,1221480572,46.7330121,11.9624346
907,2047.0,1221480589,46.7429107,11.9729194
908,1987.0,1221480592,46.7478758,11.975617
909,2154.0,1221480602,46.7432781,11.9560044
910,1852.0,1221480605,46.7475137,11.9814021
911,1751.0,1221480608,46.746385,11.9869752
912,1685.0,1221480620,46.7215736,11.9599142
913,953.0,1221480621,46.770849,11.9404594
914,2136.0,1221480623,46.7337687,11.9611207
915,2143.0,1221480626,46.7429068,11.9683647
916,1992.0,1221480628,46.732118,11.9696616
917,1668.0,1221480630,46.7445281,11.9905833
918,1604.0,1221480644,46.7519805,11.9928725
919,1766.0,1221480655,46.7521094,11.9585959
920,2016.0,1221480661,46.7462412,11.9745684
921,1817.0,1221480666,46.7188196,11.9656091
922,1069.0,1221480668,46.7654858,11.9428355
923,2072.0,1221480677,46.7320028,11.9613383
924,1945.0,1221480679,46.7506677,11.9770086
925,1911.0,1221480680,46.7167101,11.9667894
926,976.0,1221480682,46.7706751,11.9409914
927,2078.0,1221480683,46.7429492,11.971613
928,2115.0,1221480688,46.7427731,11.9529788
929,2046.0,1221480704,46.745805,11.9730723
930,1751.0,1221480707,46.7471191,11.9862654
931,2013.0,1221480709,46.7441933,11.9484107
932,1748.0,1221480712,46.7239819,11.9638368
933,1026.0,1221480713,46.7682251,11.941614
934,2267.0,1221480715,46.7378041,11.957149
935,2078.0,1221480733,46.7424699,11.9720074
936,1773.0,1221480737,46.7245109,11.9652894
937,1955.0,1221480740,46.7474063,11.9531744
938,2143.0,1221480761,46.7429934,11.9676171
939,2030.0,1221480764,46.7321478,11.9668864
940,1288.0,1221480770,46.7053147,11.9369404
941,1832.0,1221480775,46.7266719,11.9691086
942,1811.0,1221480781,46.7508695,11.98274
943,2274.0,1221480788,46.7384258,11.9591479
944,1853.0,1221480790,46.7512179,11.9542705
945,2104.0,1221480793,46.7406297,11.9700762
946,1764.0,1221480803,46.719464,11.9622243
947,2239.0,1221480807,46.7388681,11.9609793
948,2242.0,1221480809,46.740473,11.9622185
949,2001.0,1221480810,46.7160924,11.9702203
950,2047.0,1221480832,46.7423407,11.9739934
951,1958.0,1221480840,46.74838,11.9762522
952,2267.0,1221480845,46.7394085,11.9571025
953,2033.0,1221480851,46.7449162,11.9540445
954,1882.0,1221480854,46.747281,11.9808211
955,1705.0,1221480858,46.7452567,11.9879087
956,2072.0,1221480861,46.7321059,11.9608301
957,1685.0,1221480878,46.7218935,11.9602591
958,1128.0,1221480881,46.7641904,11.9434202
959,2072.0,1221480882,46.7331901,11.9614407
960,2075.0,1221480887,46.7462108,11.9704372
961,1546.0,1221480895,46.7134894,11.9534892
962,1668.0,1221480916,46.744456,11.9907213
963,1638.0,1221480934,46.7574501,11.9580856
964,1811.0,1221480937,46.7501905,11.982698
965,1817.0,1221480945,46.7192566,11.9661315
966,1069.0,1221480960,46.7658363,11.9426337
967,1773.0,1221480964,46.7240766,11.9659861
968,1912.0,1221480966,46.7508781,11.9775205
969,1758.0,1221480969,46.7211236,11.9652497
970,1068.0,1221480972,46.7653931,11.9444372
971,2010.0,1221480977,46.7418213,11.9752749
972,2033.0,1221481003,46.7441017,11.9530056
973,1751.0,1221481007,46.7464903,11.9868098
974,2013.0,1221481011,46.7440637,11.948459
975,1748.0,1221481013,46.7232651,11.9633071
976,2143.0,1221481019,46.7437229,11.967537
977,1773.0,1221481043,46.7243786,11.9650511
978,1955.0,1221481048,46.7477144,11.952944
979,1705.0,1221481052,46.745112,11.9881383
980,2116.0,1221481086,46.7346962,11.9632495
981,2078.0,1221481089,46.7437184,11.9724029
982,2066.0,1221481091,46.7324753,11.9645278
983,1324.0,1221481093,46.7057341,11.9379277
984,1833.0,1221481095,46.7253178,11.9684357
985,1811.0,1221481100,46.750743,11.9830253
986,2267.0,1221481116,46.7392027,11.9575897
987,2068.0,1221481120,46.7411472,11.9716815
988,1764.0,1221481132,46.7205178,11.9609524
989,2267.0,1221529657,46.7390527,11.9576499
990,2274.0,1221529663,46.7392674,11.9588241
991,1668.0,1221529685,46.7440571,11.9907065
992,2267.0,1221529688,46.7390243,11.9581005
993,2267.0,1221529692,46.7392275,11.9577242
994,1613.0,1221529696,46.7446343,11.9916984
995,2274.0,1221529701,46.7392965,11.9590316
996,2267.0,1221529707,46.7392822,11.957227
997,1613.0,1221529711,46.7449057,11.9918682
998,2267.0,1221529728,46.7391508,11.9576052
999,1680.0,1221529732,46.7435711,11.9901706
1000,2089.0,1221529736,46.7392219,11.9690335
1001,1668.0,1221529740,46.7439686,11.9905855
1002,2267.0,1221529742,46.7392227,11.9574662
1003,2274.0,1221529748,46.7392998,11.9592423
1004,2267.0,1221529752,46.7389647,11.9579093
1005,1613.0,1221529758,46.7450068,11.9920981
1006,1668.0,1221529780,46.7438187,11.9903724
1007,2267.0,1221529784,46.7389727,11.9580136
1008,1668.0,1221529789,46.7454457,11.9906935
1009,2267.0,1221529794,46.7391188,11.958079
1010,1668.0,1221529799,46.7440203,11.990859
1011,2267.0,1221529804,46.7391712,11.9575254
1012,2274.0,1221529809,46.7391866,11.9585647
1013,1668.0,1221529821,46.744282,11.9913164
1014,2267.0,1221529823,46.7390759,11.9581971
1015,1350.0,1221529826,46.7444491,12.0027098
1016,2274.0,1221529829,46.7391026,11.9583384
1017,953.0,1221716093,46.7726155,11.9397668
1018,2143.0,1221716113,46.743361,11.9678381
1019,1022.0,1221716131,46.767046,11.9419375
1020,2104.0,1221716134,46.74429,11.9687665
1021,2274.0,1221716139,46.7375331,11.9583916
1022,2267.0,1221716143,46.7383966,11.9581332
1023,2072.0,1221716147,46.7323104,11.9606007
1024,2143.0,1221716149,46.7432852,11.9679634
1025,2211.0,1221716153,46.7359462,11.9590773
1026,1026.0,1221716156,46.7680164,11.9414434
1027,2242.0,1221716184,46.7397835,11.9606844
1028,2211.0,1221716188,46.7373791,11.9584539
1029,1858.0,1221716191,46.7509336,11.9573705
1030,2075.0,1221716194,46.7438186,11.972846
1031,953.0,1221716197,46.7712321,11.9397749
1032,1945.0,1221716201,46.7494246,11.956867
1033,2267.0,1221716204,46.7386584,11.9578644
1034,2104.0,1221716222,46.7439416,11.9692749
1035,1945.0,1221716224,46.7483202,11.9566137
1036,1026.0,1221716226,46.7682203,11.9414487
1037,1945.0,1221716230,46.7498422,11.9573228
1038,1026.0,1221716234,46.7673131,11.941577
1039,2104.0,1221716258,46.7442042,11.9691939
1040,2047.0,1221716260,46.7431117,11.9734944
1041,1026.0,1221716262,46.7675736,11.9409268
1042,2145.0,1221716275,46.7438457,11.967875
1043,2047.0,1221716282,46.7421232,11.9749088
1044,1022.0,1221716295,46.7671085,11.9419843
1045,1026.0,1221716299,46.7676492,11.9403772
1046,2047.0,1221716302,46.7416889,11.973391
1047,2267.0,1221716305,46.7376468,11.9582958
1048,2047.0,1221716307,46.7435237,11.9731702
1049,2143.0,1221716308,46.7432398,11.968236
1050,2161.0,1221716311,46.734677,11.9595001
1051,1022.0,1221716312,46.7671978,11.9419674
1052,2274.0,1221716327,46.7393142,11.9603745
1053,2145.0,1221716331,46.7440022,11.9681771
1054,1858.0,1221716337,46.7518013,11.9581649
1055,953.0,1221716339,46.7714385,11.9397567
1056,2267.0,1221716342,46.7388167,11.9577795
1057,2143.0,1221716344,46.7433509,11.9686707
1058,2161.0,1221716346,46.7335524,11.9599499
1059,1026.0,1221716360,46.7684561,11.9413733
1060,2274.0,1221716364,46.7395128,11.9599118
1061,1807.0,1221716366,46.7179484,11.9629812
1062,2274.0,1221716370,46.7375084,11.9590291
1063,1766.0,1221716373,46.7525428,11.9586599
1064,953.0,1221716375,46.7717938,11.939737
1065,1022.0,1221716392,46.7672336,11.941696
1066,2104.0,1221716396,46.7443052,11.9689876
1067,1026.0,1221716399,46.7687259,11.9412197
1068,1026.0,1221716401,46.767494,11.9411764
1069,1807.0,1221716404,46.7181606,11.9629738
1070,2143.0,1221716422,46.7436336,11.9677129
1071,1022.0,1221716431,46.767164,11.9418063
1072,1854.0,1221716437,46.727597,11.965725
1073,2010.0,1221716441,46.742878,11.9769067
1074,2274.0,1221716444,46.7377928,11.9588752
1075,2143.0,1221716462,46.7435024,11.9677423
1076,2267.0,1221716463,46.7376656,11.9580322
1077,1022.0,1221716466,46.7674756,11.941779
1078,1778.0,1221716469,46.7261929,11.9637062
1079,2239.0,1221716470,46.7393462,11.9607619
1080,1961.0,1221716491,46.7436495,11.9775433
1081,2274.0,1221716494,46.7375947,11.95897
1082,960.0,1221716495,46.7701176,11.939458
1083,2109.0,1221716497,46.7435529,11.9689876
1084,2267.0,1221716498,46.7380035,11.9580688
1085,1026.0,1221716500,46.7679139,11.9414483
1086,2242.0,1221716504,46.7396773,11.9607706
1087,2211.0,1221716519,46.7371542,11.9592629
1088,1775.0,1221716522,46.7534814,11.958234
1089,1668.0,1221716525,46.744285,11.9909957
1090,953.0,1221716529,46.7723422,11.9397536
1091,1945.0,1221716533,46.7490302,11.9566828
1092,953.0,1221716536,46.7709254,11.9396159
1093,2104.0,1221716540,46.7437801,11.9692307
1094,1945.0,1221716541,46.7481467,11.9569591
1095,1742.0,1221807299,46.7228958,11.9638365
1096,2274.0,1379619048,46.7386738,11.9596955
1097,1277.0,1480255663,46.7572958,11.9233682
1098,1277.0,1480255665,46.7578045,11.9230836
1099,1165.0,1480255670,46.7619526,11.9251978
1100,1220.0,1480255671,46.7619945,11.9244047
1101,1165.0,1480255672,46.7607159,11.9265494
1102,1114.0,1480255673,46.7614574,11.9289718
1103,1114.0,1480255675,46.7620609,11.9283717
1104,1221.0,1480255677,46.7585489,11.9262815
1105,1272.0,1480255679,46.7591945,11.9249187
1106,1221.0,1480255681,46.7603705,11.9265173
1107,1165.0,1480255684,46.7616251,11.9268526
1108,1221.0,1480255687,46.7599883,11.9264958
1109,1165.0,1480255688,46.7614962,11.9255626
1110,1220.0,1480255690,46.7620299,11.9248009
1111,1220.0,1480255691,46.7620968,11.9246359
1112,1221.0,1480255693,46.7589271,11.925465
1113,1045.0,1480255695,46.7634015,11.9262981
1114,1165.0,1480255697,46.7618772,11.9256053
1115,1220.0,1480255699,46.7621326,11.9245369
1116,1221.0,1480255704,46.758974,11.9250367
1117,1114.0,1480255705,46.7613458,11.9284154
1118,1114.0,1480255706,46.7615403,11.9276496
1119,1277.0,1480255708,46.7579442,11.9242982
1120,1277.0,1480255710,46.7574012,11.9230834
1121,1327.0,1480255712,46.7595933,11.922582
1122,1114.0,1480255714,46.7621193,11.9282156
1123,1221.0,1480255716,46.7593813,11.9264151
1124,1221.0,1480255721,46.7590475,11.9264743
1125,1165.0,1480255722,46.7611205,11.9263284
1126,1272.0,1480255723,46.7594382,11.9247057
1127,1114.0,1480255725,46.7624798,11.927558
1128,1064.0,1480255727,46.7625978,11.9275408
1129,1272.0,1480255729,46.7589474,11.923169
1130,1277.0,1480255731,46.7583301,11.9234846
1131,1221.0,1480255733,46.7588484,11.9264844
1132,1272.0,1480255737,46.7594154,11.9249337
1133,1228.0,1480255738,46.7579296,11.9254047
1134,1272.0,1480255739,46.7585495,11.9234207
1135,1277.0,1480255740,46.7580393,11.9233462
1136,1165.0,1480255742,46.7615912,11.9253272
1137,1045.0,1480255743,46.76298,11.9268005
1138,1277.0,1480255744,46.7581075,11.9244824
1139,1064.0,1480255746,46.7627444,11.9273434
1140,1221.0,1480255747,46.7583511,11.9255643
1141,1228.0,1480255748,46.7581365,11.9257383
1142,1327.0,1480255749,46.7596349,11.9225121
1143,1114.0,1480255750,46.7622079,11.9277833
1144,1220.0,1480255751,46.7620836,11.9242645
1145,1165.0,1480255752,46.7616642,11.9264715
1146,1221.0,1480255754,46.7592239,11.9251654
1147,1220.0,1480255755,46.7619437,11.9245582
1148,1165.0,1480255756,46.7612749,11.9260602
1149,1064.0,1480255758,46.762855,11.9271224
1150,1165.0,1480255759,46.7609364,11.9264636
1151,1114.0,1480255760,46.7619305,11.9287454
1152,1277.0,1480255761,46.7577759,11.9241247
1153,1220.0,1480255762,46.7621565,11.9243715
1154,1272.0,1480255764,46.7593506,11.9247737
1155,1277.0,1480255765,46.7575815,11.9236433
1156,1277.0,1480255766,46.7582835,11.9247084
1157,1220.0,1480255767,46.7617967,11.9249015
1158,1327.0,1480255768,46.7593566,11.9228523
1159,1221.0,1480255769,46.7587168,11.9250581
1160,1221.0,1480255770,46.7587864,11.9255523
1161,1277.0,1480255771,46.7572977,11.9232256
1162,1272.0,1480255772,46.7591711,11.9230338
1163,1221.0,1480255773,46.759731,11.9264914
1164,1228.0,1480255774,46.7579527,11.9255667
1165,1045.0,1480255775,46.7631348,11.9264452
1166,1272.0,1480255776,46.7584995,11.9249365
1167,1165.0,1480255777,46.7617997,11.9259491
1168,1272.0,1480255779,46.759488,11.9247687
1169,1277.0,1480255780,46.7576877,11.9239638
1170,1165.0,1480255782,46.7616938,11.9263284
1171,1277.0,1480255783,46.7575546,11.9230068
1172,1221.0,1480255784,46.7585992,11.9256053
1173,1114.0,1480255785,46.7623181,11.9276009
1174,1277.0,1480255786,46.7581659,11.9234638
1175,1277.0,1480255787,46.7574002,11.9234679
1176,1165.0,1480255788,46.7616071,11.9270015
1177,1228.0,1480255790,46.7580336,11.9254165
1178,1327.0,1480389295,46.7596939,11.9223506
1179,1548.0,1573069745,46.733902,11.9944311
1180,1548.0,1573069749,46.7340951,11.9940994
1181,1599.0,1573069751,46.7346544,11.9922917
1182,1657.0,1573069754,46.734848,11.9914757
1183,1945.0,1573069756,46.7503724,11.9765264
1184,1924.0,1573069758,46.7527157,11.9781901
1185,1924.0,1573069769,46.7534944,11.979048
1186,1895.0,1573069771,46.7542313,11.9796626
1187,1895.0,1573069773,46.754591,11.9798291
1188,1895.0,1573069777,46.7553717,11.9800083
1189,1895.0,1573069782,46.7557928,11.9799955
1190,1856.0,1573069787,46.7562577,11.9799955
1191,1856.0,1573069789,46.7566262,11.9801108
1192,1856.0,1573069790,46.7568718,11.9803796
1193,1847.0,1573069799,46.7576622,11.9815549
1194,1817.0,1573069803,46.7592117,11.98362
1195,1817.0,1573069807,46.7604063,11.9844591
1196,1761.0,1573069809,46.7610714,11.9846942
1197,1761.0,1573069811,46.7613608,11.9848064
1198,1761.0,1573069812,46.761782,11.9850951
1199,1761.0,1573069813,46.7620017,11.9853892
1200,1789.0,1573069814,46.7622984,11.986004
1201,1703.0,1573069815,46.762628,11.9865707
1202,1703.0,1573069821,46.7629393,11.9867953
1203,1703.0,1573069824,46.7634557,11.986977
1204,1703.0,1573069827,46.7637633,11.9870198
1205,1703.0,1573069829,46.7640636,11.987255
1206,1671.0,1573069832,46.7643785,11.9877523
1207,1671.0,1573069833,46.7645653,11.9882281
1208,1615.0,1573069834,46.7648473,11.9886772
1209,1615.0,1573069836,46.7652969,11.9892514
1210,1585.0,1573069842,46.7655663,11.98973
1211,1585.0,1573069844,46.7658088,11.9902151
1212,1585.0,1573069846,46.766186,11.9903528
1213,1585.0,1573069849,46.7665363,11.9905101
1214,1524.0,1573069851,46.7667698,11.9907527
1215,1524.0,1573069852,46.7670482,11.9913558
1216,1492.0,1573069856,46.7673401,11.9916967
1217,1492.0,1573069859,46.7677128,11.9919196
1218,1492.0,1573069864,46.7681573,11.9919655
1219,1492.0,1573069867,46.7685794,11.9917885
1220,1490.0,1573069868,46.7689925,11.9915787
1221,1490.0,1573069871,46.7692098,11.9913313
1222,1490.0,1573069874,46.7695501,11.9909607
1223,1490.0,1573069876,46.7696877,11.9908515
1224,1490.0,1573069879,46.7700514,11.99074
1225,1490.0,1573069881,46.7705633,11.990563
1226,1472.0,1573069885,46.7709225,11.9906482
1227,1472.0,1573069888,46.7712144,11.990681
1228,1472.0,1573069892,46.7715421,11.9905499
1229,1472.0,1573069893,46.771834,11.990268
1230,1472.0,1573069894,46.7721977,11.9899337
1231,1472.0,1573069897,46.7727814,11.9895993
1232,1452.0,1573069899,46.7734863,11.9894026
1233,1452.0,1573069903,46.7740386,11.989383
1234,1452.0,1573069905,46.7746133,11.9894289
1235,1433.0,1573069907,46.775188,11.9895731
1236,1433.0,1573069911,46.7756415,11.9895403
1237,1433.0,1573069913,46.7760905,11.9894026
1238,1433.0,1573069915,46.7764541,11.9890486
1239,1433.0,1573069917,46.7768357,11.9888061
1240,1402.0,1573069921,46.7774598,11.9889253
1241,1402.0,1573069926,46.777993,11.9889048
1242,1402.0,1573069929,46.7787365,11.9884746
1243,1338.0,1573069933,46.7795503,11.9880853
1244,1338.0,1573069936,46.7800764,11.9879829
1245,1338.0,1573069939,46.7806095,11.9879829
1246,1338.0,1573069942,46.7812478,11.9877268
1247,1295.0,1573069945,46.7816266,11.9871941
1248,1295.0,1573069948,46.7819002,11.9865386
1249,1295.0,1573069953,46.7820896,11.9857908
1250,1256.0,1573069956,46.7821106,11.9841723
1251,1256.0,1573069959,46.7821527,11.9836602
1252,1256.0,1573069962,46.7822088,11.9849508
1253,1256.0,1573069965,46.7824403,11.9833938
1254,1174.0,1573069974,46.7831066,11.9828202
1255,1126.0,1573069976,46.7834924,11.9820724
1256,1104.0,1573069978,46.7839764,11.9811403
1257,1104.0,1573069979,46.7846147,11.9807715
1258,1036.0,1573069980,46.7854774,11.9804744
1259,1036.0,1573069981,46.7859053,11.9800954
1260,1036.0,1573069982,46.7861929,11.9793886
1261,1026.0,1573069983,46.7864888,11.9786245
1262,1026.0,1573069993,46.7868704,11.9779525
1263,1026.0,1573069994,46.7874035,11.9774936
1264,925.0,1573069995,46.7881099,11.9771544
1265,935.0,1573069997,46.7882053,11.9770165
1266,2143.0,1573078133,46.7423776,11.9668418
1267,2143.0,1573078136,46.7427893,11.9669694
1268,2143.0,1573078137,46.7431827,11.9671003
1269,1045.0,1581240109,46.7630348,11.9266328
1270,1277.0,1592990431,46.7572914,11.9232968
1271,1277.0,1592990432,46.757321,11.9234181
1272,1277.0,1592990433,46.7573435,11.9231467
1273,1277.0,1592990441,46.7573576,11.9234427
1274,1277.0,1592990457,46.7574745,11.9230275
1275,1277.0,1592990459,46.7574787,11.923525
1276,1277.0,1592990466,46.7575393,11.9235825
1277,1277.0,1592990484,46.7576378,11.9230069
1278,1277.0,1592990490,46.7577322,11.9240553
1279,1277.0,1592990492,46.7577392,11.9230419
1280,1277.0,1592990510,46.7578801,11.9231549
1281,1228.0,1592990512,46.7579068,11.9254759
1282,1228.0,1592990515,46.7579111,11.9254286
1283,1228.0,1592990517,46.7579153,11.9255272
1284,1228.0,1592990536,46.7579505,11.9253936
1285,1228.0,1592990537,46.7579885,11.9253957
1286,1277.0,1592990538,46.7580322,11.9243884
1287,1277.0,1592990541,46.7581096,11.9234263
1288,1228.0,1592990543,46.7581955,11.9254985
1289,1277.0,1592990556,46.7582645,11.923488
1290,1272.0,1592990568,46.7584406,11.9234612
1291,1221.0,1592990570,46.7584504,11.925593
1292,1221.0,1592990575,46.7585293,11.9256074
1293,1272.0,1592990580,46.758573,11.9249907
1294,1221.0,1592990586,46.7586448,11.925038
1295,1221.0,1592990587,46.7586515,11.9263724
1296,1221.0,1592990589,46.7587011,11.9255889
1297,1221.0,1592990591,46.7587412,11.9264422
1298,1221.0,1592990605,46.758842,11.9250668
1299,1221.0,1592990609,46.7589293,11.9250524
1300,1221.0,1592990614,46.7589642,11.9264916
1301,1221.0,1592990620,46.7590687,11.9253299
1302,1272.0,1592990633,46.7590983,11.9249825
1303,1272.0,1592990639,46.7592701,11.9229514
1304,1272.0,1592990645,46.7592785,11.9248468
1305,1221.0,1592990647,46.7592909,11.9264131
1306,1272.0,1592990655,46.7593828,11.9247358
1307,1272.0,1592990666,46.7594137,11.9247111
1308,1272.0,1592990672,46.759463,11.9247091
1309,1221.0,1592990673,46.7594641,11.9264247
1310,1272.0,1592990674,46.7594644,11.9248797
1311,1272.0,1592990675,46.7594799,11.9248386
1312,1272.0,1592990676,46.7594813,11.9247337
1313,1272.0,1592990677,46.759487,11.9248057
1314,1327.0,1592990701,46.7595808,11.9226117
1315,1221.0,1592990705,46.7596514,11.92648
1316,1165.0,1592990889,46.7608403,11.9265207
1317,1165.0,1592990903,46.7610415,11.9264015
1318,1114.0,1592990919,46.7613477,11.9285627
1319,1114.0,1592990920,46.7613548,11.9283242
1320,1114.0,1592990925,46.7613661,11.928721
1321,1114.0,1592990927,46.7613773,11.9282359
1322,1114.0,1592990928,46.7613844,11.9288567
1323,1114.0,1592990935,46.7614224,11.9289389
1324,1114.0,1592990936,46.7614266,11.9280488
1325,1114.0,1592990940,46.7614942,11.927837
1326,1114.0,1592990942,46.7615181,11.9289821
1327,1114.0,1592990948,46.7615548,11.9274752
1328,1114.0,1592990949,46.7615576,11.9273272
1329,1114.0,1592990951,46.7615731,11.9271957
1330,1114.0,1592990953,46.7616083,11.9289574
1331,1165.0,1592990955,46.7616421,11.9266242
1332,1114.0,1592990959,46.7617575,11.9288649
1333,1114.0,1592990968,46.7618209,11.9288382
1334,1114.0,1592990973,46.7618871,11.9288032
1335,1165.0,1592990980,46.7619265,11.9253517
1336,1165.0,1592990982,46.7619815,11.9250536
1337,1114.0,1592990984,46.7619927,11.9285997
1338,1220.0,1592990987,46.7620096,11.9248747
1339,1220.0,1592990989,46.7620213,11.9243344
1340,1220.0,1592990992,46.7620552,11.9242879
1341,1220.0,1592990994,46.7621054,11.9242584
1342,1220.0,1592991004,46.762128,11.9242687
1343,1220.0,1592991013,46.7621505,11.9243057
1344,1220.0,1592991015,46.7621526,11.9244229
1345,1114.0,1592991017,46.7621673,11.9279522
1346,1114.0,1592991019,46.7622575,11.9276767
1347,1114.0,1592991020,46.7623927,11.9275677
1348,1064.0,1592991021,46.7625546,11.9275575
1349,1045.0,1592991022,46.7632031,11.9264049
1350,1045.0,1592991024,46.7633658,11.9263544
1351,1045.0,1592991025,46.7634666,11.9258646
1352,1045.0,1592991028,46.7634868,11.9256985
1353,1045.0,1592991031,46.763517,11.9256165
1354,1045.0,1592991034,46.7635574,11.9255681
1355,1045.0,1592991043,46.7636034,11.9255534
1356,1045.0,1592991045,46.7636711,11.925566
1357,1045.0,1592991047,46.763746,11.9255955
1358,1045.0,1592991049,46.7637993,11.9256207
1359,1045.0,1592991051,46.7638814,11.925627
1360,1045.0,1592991053,46.7639289,11.9256018
1361,1045.0,1592991055,46.7639649,11.9255639
1362,1045.0,1592991056,46.7639908,11.925503
1363,1045.0,1592991057,46.7640124,11.9252507
1364,1045.0,1592991059,46.7640153,11.9251182
1365,1045.0,1592991061,46.764024,11.9250215
1366,1093.0,1592991064,46.76407,11.9248512
1367,1093.0,1592991066,46.7641147,11.924805
1368,1093.0,1592991068,46.764155,11.9247987
1369,1093.0,1592991071,46.7644978,11.9247545
1370,1093.0,1592991073,46.7645611,11.9246999
1371,1000.0,1592991074,46.7645971,11.9246221
1372,1000.0,1592991075,46.7646839,11.92412
1373,1000.0,1592991076,46.7647192,11.9239458
1374,1000.0,1592991086,46.7647752,11.923705
1375,1000.0,1592991087,46.7648032,11.9236147
1376,1000.0,1592991090,46.7649622,11.9231912
1377,992.0,1592991092,46.7650742,11.9228643
1378,992.0,1592991095,46.7651728,11.9224494
1379,992.0,1592991097,46.765217,11.9221419
1380,992.0,1592991099,46.7653584,11.9214797
1381,992.0,1592991101,46.7654512,11.9211034
1382,996.0,1592991103,46.7655896,11.9205724
1383,996.0,1592991104,46.765762,11.9200606
1384,996.0,1592991105,46.7658415,11.9199359
1385,996.0,1592991107,46.7659078,11.9198499
1386,996.0,1592991109,46.7659617,11.9197922
1387,996.0,1592991111,46.7662686,11.9195253
1388,996.0,1592991113,46.7664114,11.9194264
1389,996.0,1592991119,46.766663,11.9193407
1390,948.0,1592991120,46.7667944,11.9193296
1391,948.0,1592991121,46.7669208,11.91933
1392,948.0,1592991122,46.7671858,11.9194762
1393,948.0,1592991123,46.7672801,11.9195686
1394,948.0,1592991124,46.7673346,11.9196073
1395,2274.0,1596052253,46.7391913,11.9595736
1396,1870.0,1628030663,46.7490018,11.9526063
1397,996.0,1630645574,46.7659377,11.9198179
1398,948.0,1630645712,46.7674874,11.9196396
1399,948.0,1630645717,46.7675116,11.9196404
1400,1094.0,1633334514,46.7653121,11.941134
1401,1094.0,1633334590,46.7653779,11.9410956
1402,1094.0,1633334685,46.7654647,11.941015
1403,1094.0,1633334770,46.765512,11.9409536
1404,1094.0,1633334835,46.7655567,11.9409075
1405,1094.0,1633334873,46.7655857,11.9413107
1406,1094.0,1633334890,46.7655909,11.9413875
1407,1094.0,1633334895,46.7655936,11.9412377
1408,1094.0,1633334898,46.7655962,11.9408537
1409,1094.0,1633334947,46.765612,11.9411571
1410,1094.0,1633334951,46.7656172,11.9414527
1411,1094.0,1633334982,46.7656435,11.9410918
1412,1094.0,1633334988,46.7656462,11.9408076
1413,1094.0,1633334993,46.7656514,11.9414988
1414,1094.0,1633335032,46.7656804,11.9410342
1415,1094.0,1633335058,46.7656935,11.9407884
1416,1094.0,1633335059,46.7656935,11.9415257
1417,1094.0,1633335081,46.7657172,11.9409612
1418,1094.0,1633335111,46.765733,11.940823
1419,1094.0,1633335116,46.7657409,11.9408883
1420,1094.0,1633335146,46.7657619,11.9415257
1421,1094.0,1633335205,46.7658145,11.9415065
1422,1094.0,1633335264,46.7658566,11.9414835
1423,1094.0,1633335327,46.7659276,11.9414412
1424,1094.0,1633335422,46.765996,11.9414067
1425,1094.0,1633335491,46.766046,11.9413759
1426,1094.0,1633335597,46.7660986,11.9413567
1427,1094.0,1633335717,46.7661985,11.9413107
1428,1094.0,1633335799,46.7662669,11.9413375
1429,1094.0,1633335853,46.7663484,11.9413299
1430,1094.0,1633335932,46.7664168,11.9412915
1431,1094.0,1633336070,46.7665273,11.9411225
1432,1094.0,1633336136,46.7665825,11.9410611
1433,1094.0,1633336196,46.7666299,11.9409958
1434,1026.0,1633336320,46.7667337,11.9409568
1435,1026.0,1633336407,46.7668087,11.9409728
1436,1026.0,1633336518,46.7668535,11.9409382
1437,1026.0,1633336569,46.7668876,11.9408652
1438,1026.0,1633336654,46.7669218,11.9407731
1439,1026.0,1633336710,46.7669613,11.9406694
1440,1026.0,1633336799,46.7669955,11.9405926
1441,1022.0,1633336838,46.7670249,11.9417685
1442,1026.0,1633336844,46.767027,11.9405388
1443,1022.0,1633336847,46.7670302,11.9418884
1444,1026.0,1633336868,46.7670428,11.9410188
1445,1026.0,1633336875,46.7670465,11.9411521
1446,1026.0,1633336884,46.7670506,11.9416284
1447,1026.0,1633336915,46.7670665,11.9409228
1448,1026.0,1633336919,46.7670669,11.9413188
1449,1026.0,1633336936,46.767075,11.9414141
1450,1026.0,1633336938,46.767077,11.9405235
1451,1026.0,1633336956,46.7670902,11.9408614
1452,1026.0,1633337001,46.7671112,11.9407923
1453,1026.0,1633337012,46.7671217,11.9405542
1454,1026.0,1633337024,46.767127,11.9407078
1455,1026.0,1633337028,46.7671375,11.9406003
1456,1026.0,1633337038,46.7671375,11.9406579
1457,1026.0,1633337459,46.7673668,11.9414812
1458,1026.0,1633337538,46.7674364,11.9413332
1459,2018.0,1633373481,46.744146,11.9515558
1460,2018.0,1633373489,46.744261,11.95075
1461,2018.0,1633373513,46.7444336,11.9502379
1462,2013.0,1633373516,46.7445141,11.9496
1463,2013.0,1633373518,46.7445774,11.9488613
1464,2013.0,1633373522,46.7445831,11.9491551
1465,1114.0,1637026219,46.7621533,11.9280291
1466,1811.0,1637992949,46.7502117,11.9832214
1467,1811.0,1638430222,46.7507118,11.9830357
1468,1912.0,1638430343,46.7510196,11.9772138
1469,1912.0,1638430516,46.7515611,11.9775044
1470,1295.0,2630339034,46.7823316,11.9859951
1471,1295.0,2630339035,46.7827552,11.9867964
1472,1275.0,2630339036,46.7829636,11.9879019
1473,1174.0,2630339037,46.7832956,11.9824538
1474,1126.0,2630339038,46.7833734,11.9828408
1475,1167.0,2630339039,46.7835123,11.9854576
1476,1167.0,2630339040,46.7835262,11.9870905
1477,1778.0,3167140789,46.7254819,11.9633482
1478,1778.0,3167140792,46.7255069,11.9631488
1479,2055.0,3167140869,46.7328102,11.965476
1480,1727.0,3168301698,46.7168909,11.9619793
1481,2161.0,3168302130,46.7351947,11.9593464
1482,1408.0,3381706604,46.709135,11.9476464
1483,1507.0,3381706605,46.712374,11.952144
1484,1546.0,3381706606,46.712784,11.9526081
1485,1546.0,3381706607,46.7134835,11.9534611
1486,1833.0,3381706608,46.7257996,11.9667758
1487,2236.0,3381706609,46.7379095,11.955714
1488,2267.0,3381706610,46.7381646,11.9574121
1489,2236.0,3381706611,46.7384198,11.9560716
1490,2267.0,3381706612,46.7385337,11.9566773
1491,2267.0,3381706613,46.738783,11.9574219
1492,2267.0,3381706615,46.7392537,11.9573409
1493,1850.0,3686666555,46.7287994,11.9687429
1494,1748.0,3700603054,46.7242708,11.9637269
1495,2274.0,3993263352,46.7387127,11.959385
1496,1129.0,3993274696,46.7640261,11.9414864
1497,1129.0,3993274697,46.7642716,11.9412147
1498,1129.0,3993274698,46.7645099,11.9412924
1499,1094.0,3993274699,46.7646536,11.9413671
1500,1094.0,3993274700,46.7647525,11.9411792
1501,1094.0,3993281222,46.7650076,11.9412276
1502,1094.0,3993281223,46.7651571,11.9411019
1503,1026.0,3993281227,46.7687063,11.9414247
1504,1748.0,3998725483,46.7229231,11.9634305
1505,976.0,3998725504,46.7689042,11.9409711
1506,976.0,3998725505,46.7691533,11.9404171
1507,976.0,3998725506,46.7694505,11.940009
1508,960.0,3998725507,46.7705902,11.9394195
1509,1850.0,4228102836,46.7287571,11.9682958
1510,2197.0,4230850287,46.73947,11.9636389
1511,2143.0,4254658546,46.743268,11.9674947
1512,992.0,4351692137,46.765425,11.9212097
1513,2274.0,4354198025,46.7392304,11.9594707
1514,953.0,4466565989,46.7726664,11.9398631
1515,1798.0,4560147802,46.7193732,11.9633997
1516,1742.0,4560147809,46.7226131,11.963924
1517,1833.0,4560147810,46.7250924,11.9679421
1518,1680.0,4560147812,46.743257,11.9897484
1519,1719.0,4560147813,46.7426992,11.9889518
1520,1719.0,4560147814,46.7422948,11.987997
1521,1771.0,4560147815,46.7420669,11.9871601
1522,1771.0,4560147816,46.7420596,11.9866237
1523,1771.0,4560147817,46.7420743,11.9861087
1524,1771.0,4560147818,46.7421441,11.9856259
1525,1826.0,4560147819,46.7423316,11.9850197
1526,1826.0,4560147820,46.7425154,11.984317
1527,1826.0,4560147821,46.7425301,11.9836303
1528,1878.0,4560147822,46.7424382,11.9830027
1529,1878.0,4560147823,46.7422434,11.9825467
1530,1878.0,4560147824,46.7420522,11.9820639
1531,1878.0,4560147825,46.7418463,11.981683
1532,1923.0,4560147826,46.7417655,11.981211
1533,1923.0,4560147827,46.7417802,11.9808355
1534,1923.0,4560147828,46.7418022,11.9803795
1535,1923.0,4560147829,46.7419382,11.9795695
1536,1961.0,4560147830,46.7422507,11.9783625
1537,1961.0,4560147831,46.7422912,11.9779387
1538,1961.0,4560147832,46.7422581,11.9774934
1539,2010.0,4560147833,46.7420963,11.976898
1540,2010.0,4560147834,46.7417287,11.9760933
1541,1993.0,4560147835,46.7415817,11.9753852
1542,1657.0,4560148117,46.7335653,11.991058
1543,1705.0,4560148118,46.7338133,11.988984
1544,1705.0,4560148119,46.7338648,11.9875249
1545,1752.0,4560148120,46.7337104,11.9861516
1546,1789.0,4560148121,46.7336883,11.9853899
1547,1789.0,4560148122,46.7336957,11.9841024
1548,1833.0,4560148123,46.7339089,11.9825467
1549,1833.0,4560148124,46.7340339,11.9814202
1550,1854.0,4560148125,46.7343354,11.98024
1551,1882.0,4560148126,46.734806,11.9791457
1552,1882.0,4560148127,46.7350119,11.9785931
1553,1882.0,4560148128,46.7351057,11.9778582
1554,1882.0,4560148129,46.7351388,11.9774264
1555,1907.0,4560148130,46.7351351,11.9768524
1556,1907.0,4560148131,46.7351332,11.9764796
1557,1907.0,4560148132,46.7352013,11.9761362
1558,1945.0,4560148133,46.7355303,11.975463
1559,1983.0,4560148134,46.7358373,11.9749453
1560,1983.0,4560148135,46.7362215,11.9747013
1561,1983.0,4560148137,46.7362013,11.9736981
1562,2010.0,4560148138,46.7363024,11.9724643
1563,2083.0,4560148139,46.736637,11.9687387
1564,2083.0,4560148140,46.736954,11.9668402
1565,2157.0,4560148141,46.7373107,11.9645023
1566,2239.0,4560148142,46.7380182,11.9611432
1567,2274.0,4560148143,46.738188,11.9597465
1568,1983.0,4560148145,46.7369458,11.9736579
1569,2239.0,4560148411,46.739195,11.9606526
1570,2087.0,4560148556,46.7319362,11.9595395
1571,2087.0,4560148557,46.7319344,11.958995
1572,2087.0,4560148558,46.7319785,11.9585363
1573,2108.0,4560148559,46.7323868,11.9581925
1574,1798.0,4560148833,46.72037,11.964444
1575,1798.0,4560148834,46.7200026,11.9643285
1576,1798.0,4560148858,46.7199338,11.9642418
1577,1474.0,4560149123,46.7109896,11.9512977
1578,1474.0,4560149124,46.7110355,11.9505923
1579,1474.0,4560149125,46.7110374,11.9505923
1580,1474.0,4560149126,46.7109969,11.9506754
1581,1474.0,4560149129,46.7123496,11.9505521
1582,1853.0,4562421009,46.7513616,11.9543392
1583,1768.0,4562421010,46.7525157,11.9562087
1584,1768.0,4562421011,46.7523117,11.9556427
1585,990.0,4562520922,46.7689185,11.9424203
1586,2042.0,4609934996,46.7369386,11.97038
1587,2072.0,4652889241,46.7319429,11.9608185
1588,2072.0,4652889242,46.7320192,11.9611108
1589,1022.0,4668226494,46.7687311,11.9422446
1590,1022.0,4668226495,46.768326,11.9425692
1591,1022.0,4668226496,46.7675967,11.9427489
1592,1022.0,4668226497,46.7673615,11.9427194
1593,1022.0,4668226498,46.7673082,11.942486
1594,990.0,4668226499,46.7688643,11.9418597
1595,990.0,4668226500,46.7689672,11.9420716
1596,2274.0,4671940930,46.739286,11.959509
1597,2274.0,4671940933,46.7389908,11.9593963
1598,2239.0,4671940934,46.7388627,11.9618922
1599,2239.0,4671940935,46.7391494,11.9619094
1600,2158.0,4671940936,46.738756,11.9646286
1601,2158.0,4671940937,46.7386681,11.9657286
1602,2143.0,4776431808,46.74324,11.9674043
1603,2226.0,4901578506,46.7354955,11.9571228
1604,2267.0,4901578507,46.7379179,11.9576827
1605,2267.0,4901578508,46.7376,11.9577755
1606,2226.0,4901578509,46.7372453,11.9579357
1607,2226.0,4901578510,46.736747,11.9578372
1608,2226.0,4901578511,46.7362317,11.9576523
1609,2226.0,4901578512,46.7356893,11.957506
1610,2177.0,4901578513,46.7350239,11.9576169
1611,2177.0,4901578514,46.7346184,11.9578864
1612,2161.0,4901578515,46.7339511,11.9583794
1613,2087.0,4901578516,46.7332162,11.9592791
1614,2087.0,4901578517,46.7328251,11.9599169
1615,2087.0,4901578518,46.7314897,11.9603177
1616,2116.0,4901580024,46.7341805,11.9637085
1617,1850.0,4901585548,46.7285963,11.9673527
1618,1850.0,4901585549,46.7286531,11.9675488
1619,1847.0,4901585550,46.7289857,11.9696532
1620,1850.0,4901585551,46.7287356,11.9678353
1621,1850.0,4901585552,46.7286864,11.9677148
1622,1847.0,4901585553,46.7289581,11.96939
1623,1847.0,4901585554,46.7288749,11.9689885
1624,1850.0,4901585555,46.7287775,11.9686759
1625,1850.0,4901585556,46.72872,11.9678906
1626,1850.0,4901585557,46.7287452,11.9683796
1627,1850.0,4901585558,46.7287248,11.9677742
1628,1850.0,4901585559,46.7286788,11.9675499
1629,1850.0,4901601410,46.728745,11.9679132
1630,1850.0,4901601412,46.7277681,11.9681488
1631,1779.0,4901601413,46.7244581,11.9670956
1632,1773.0,4901601414,46.7240696,11.965586
1633,1773.0,4901601415,46.7241087,11.9662172
1634,1779.0,4901601416,46.7248881,11.967027
1635,1779.0,4901601417,46.7243216,11.9668606
1636,1833.0,4901611434,46.725305,11.966874
1637,1784.0,4901611435,46.7262439,11.9663909
1638,1854.0,4901611436,46.727739,11.9665415
1639,1854.0,4901611437,46.7276242,11.9663266
1640,1854.0,4901611438,46.727477,11.9661398
1641,1854.0,4901611439,46.7272785,11.9659343
1642,1784.0,4901611440,46.7270544,11.9657335
1643,1784.0,4901611441,46.7269008,11.9655794
1644,1784.0,4901611442,46.7267919,11.9653085
1645,1784.0,4901611443,46.7265807,11.9649349
1646,1784.0,4901611444,46.726347,11.9647715
1647,1778.0,4901611445,46.7261293,11.9644493
1648,1778.0,4901611446,46.7259852,11.9642298
1649,1778.0,4901611447,46.7256364,11.9641061
1650,1778.0,4901611448,46.725497,11.9640137
1651,1778.0,4901611449,46.7253703,11.9636933
1652,1778.0,4901611450,46.7270073,11.964506
1653,1854.0,4901611451,46.7272035,11.9648949
1654,1784.0,4901611452,46.7270387,11.9648394
1655,1784.0,4901611453,46.7268529,11.9648025
1656,1784.0,4901611454,46.7266248,11.9647901
1657,1784.0,4901611455,46.7263883,11.96471
1658,1748.0,4901633400,46.7238709,11.9635426
1659,1748.0,4901633401,46.7229963,11.9637933
1660,1742.0,4901633402,46.7228893,11.9633764
1661,1742.0,4901633403,46.7223973,11.963984
1662,1742.0,4901633404,46.7223463,11.9637202
1663,1742.0,4901633405,46.7224448,11.9639061
1664,1742.0,4901633406,46.7225267,11.9639303
1665,1742.0,4901633407,46.7229049,11.9636086
1666,1758.0,4901633408,46.7226915,11.9647296
1667,1742.0,4901633409,46.7225131,11.9644556
1668,1742.0,4901633410,46.722768,11.9643137
1669,1742.0,4901633411,46.7228724,11.9636044
1670,1742.0,4901633412,46.7228923,11.9637471
1671,1742.0,4901633413,46.7228335,11.9641321
1672,2001.0,4901633414,46.7165067,11.9692721
1673,2001.0,4901633415,46.7163493,11.9697915
1674,1911.0,4901633416,46.7181828,11.967516
1675,2001.0,4901633417,46.7164808,11.9699961
1676,1946.0,4901633418,46.7169489,11.9699129
1677,1946.0,4901633419,46.7173177,11.9696109
1678,1946.0,4901633921,46.7178827,11.9690467
1679,1911.0,4901633922,46.7182916,11.9685479
1680,1842.0,4901633923,46.718823,11.9679732
1681,1842.0,4901633924,46.7193804,11.9671926
1682,1817.0,4901633925,46.7201608,11.9665747
1683,1758.0,4901633926,46.7211537,11.9656391
1684,1758.0,4901633927,46.7217279,11.9652293
1685,1758.0,4901633928,46.7223682,11.9649322
1686,1798.0,4901641181,46.7191717,11.9636714
1687,1798.0,4901641182,46.7191973,11.9630832
1688,1807.0,4901641183,46.7185659,11.9628257
1689,1798.0,4901641184,46.7192933,11.963371
1690,1798.0,4901641185,46.7192114,11.9634936
1691,1798.0,4901641186,46.7189782,11.9627574
1692,1807.0,4901641187,46.7187208,11.9627169
1693,1798.0,4901641188,46.718823,11.9631034
1694,1798.0,4901641189,46.7190274,11.9634148
1695,1883.0,4901641190,46.7187036,11.9647065
1696,1798.0,4901641192,46.7188379,11.9638159
1697,1798.0,4901641193,46.7189735,11.9639198
1698,1807.0,4901641194,46.7187487,11.9644132
1699,1685.0,4901659611,46.7215094,11.9599593
1700,2001.0,4901659614,46.7163896,11.9690225
1701,1946.0,4901659615,46.7178045,11.9694829
1702,1946.0,4901659616,46.7178252,11.9692487
1703,1946.0,4901659617,46.7175536,11.9694607
1704,2274.0,4901660329,46.7379116,11.9599403
1705,2274.0,4901660330,46.7379991,11.9584433
1706,2267.0,4901660331,46.7379199,11.9582927
1707,2274.0,4901660332,46.7376366,11.9586818
1708,2274.0,4903865246,46.7379449,11.9588066
1709,2211.0,4903865247,46.7374919,11.9598191
1710,2087.0,4903865248,46.7325533,11.9600799
1711,2087.0,4903865249,46.732207,11.9602267
1712,1850.0,5020516766,46.7285936,11.967232
1713,1862.0,5420837782,46.7487822,11.9416811
1714,1862.0,5420837783,46.7483521,11.9418072
1715,1871.0,5420837784,46.7480066,11.941378
1716,1966.0,5420837785,46.7477787,11.9414853
1717,1979.0,5420837786,46.7468156,11.9427513
1718,1871.0,5420837787,46.7481426,11.9414585
1719,1966.0,5420837788,46.7478974,11.9413948
1720,1871.0,5420837789,46.7480801,11.9413941
1721,1871.0,5420837790,46.7482161,11.9415818
1722,1862.0,5420837791,46.7484514,11.9418501
1723,1862.0,5420837792,46.7486186,11.941783
1724,1862.0,5420837793,46.7485323,11.9418326
1725,1862.0,5420841145,46.7483999,11.9418474
1726,1862.0,5420841146,46.7484937,11.941844
1727,1871.0,5420841147,46.7495026,11.9411105
1728,1871.0,5420841148,46.7493762,11.9412809
1729,1871.0,5420841149,46.7493131,11.9413715
1730,1185.0,282865093,46.7449889,12.0097179
1731,1680.0,282865094,46.7433392,11.9901255
1732,2274.0,283551172,46.7379001,11.9584703
1733,2072.0,283551174,46.73208,11.9615861
1734,1156.0,283553882,46.7466875,12.0105322
1735,2078.0,283553888,46.743553,11.9726018
1736,2274.0,283553892,46.7393443,11.9596764
1737,1668.0,283553894,46.7442979,11.9907268
1738,2078.0,283553897,46.7430667,11.9717283
1739,960.0,320974326,46.7722045,11.9420389
1740,2267.0,320974327,46.739359,11.9574545
1741,953.0,320974329,46.7726959,11.9398903
1742,1128.0,320974330,46.7637607,11.9431692
1743,953.0,321223196,46.771945,11.9410267
1744,2267.0,321223197,46.7394451,11.9572226
1745,2047.0,325689514,46.7418226,11.974913
1746,2274.0,325689515,46.7392555,11.9598406
1747,1983.0,325695607,46.736579,11.9729532
1748,2274.0,325695608,46.7383882,11.9592804
1749,1748.0,325696901,46.7247924,11.9640979
1750,2267.0,325696908,46.7375862,11.9572527
1751,1634.0,325704607,46.7521124,11.9929243
1752,2267.0,343759536,46.7393873,11.9580116
1753,1692.0,343759542,46.7542589,11.9587753
1754,1758.0,354930556,46.722833,11.9651954
1755,2001.0,354930558,46.7161724,11.9708035
1756,1474.0,354932669,46.7109921,11.9511505
1757,1474.0,354932671,46.7111024,11.9505889
1758,1798.0,354932673,46.7194042,11.9638322
1759,1748.0,354932676,46.7229927,11.9633065
1760,1833.0,354932678,46.7268538,11.968738
1761,1548.0,354932996,46.7336508,11.9945958
1762,1685.0,607406117,46.7217259,11.960206
1763,1817.0,607406119,46.7188545,11.9656136
1764,1870.0,663794033,46.7488177,11.9524721
1765,1983.0,1100489822,46.7365395,11.9732863
1766,953.0,1221716220,46.7719017,11.9398364
1767,976.0,1221716266,46.7699535,11.9405199
1768,935.0,1573069997,46.7882053,11.9770165
1769,933.0,1573070001,46.7902441,11.9781099
1770,1748.0,3993263347,46.7233999,11.9639224
1771,1773.0,3993263348,46.7239762,11.9647404
1772,1773.0,3993263349,46.7248264,11.9659299
1773,1833.0,3993263350,46.7258645,11.9673842
1774,1833.0,3993263351,46.7266496,11.968445
1775,1128.0,3993281221,46.7641279,11.9430437
1776,1069.0,3993281224,46.7655313,11.9425189
1777,1022.0,3993281225,46.7669198,11.9420184
1778,1026.0,3993281226,46.7686815,11.9413666
1779,976.0,3993281228,46.7698614,11.9409528
1780,953.0,3993281229,46.7716823,11.940298
1781,1604.0,4254658534,46.751973,11.9925187
1782,1604.0,4254658535,46.7517488,11.991883
1783,1655.0,4254658536,46.7511358,11.9901568
1784,1671.0,4254658537,46.7502155,11.9875115
1785,1772.0,4254658538,46.7493803,11.9851251
1786,1822.0,4254658539,46.7485772,11.9828135
1787,1882.0,4254658540,46.747806,11.9806046
1788,1942.0,4254658541,46.7468172,11.9777372
1789,1987.0,4254658542,46.7463052,11.9762755
1790,2046.0,4254658543,46.7455148,11.9739872
1791,2075.0,4254658544,46.744878,11.9721332
1792,2104.0,4254658545,46.7439805,11.9696021
1793,2143.0,4254658546,46.743268,11.9674947
1794,1604.0,4254658547,46.7519981,11.9925924
1795,2143.0,4254658548,46.7434124,11.9679301
1796,2143.0,4254658549,46.7433965,11.9678829
1797,2242.0,4396454890,46.7399789,11.9616496
1798,1474.0,4560145988,46.711305,11.9509102
1799,1474.0,4560147789,46.7119535,11.9519384
1800,1546.0,4560147790,46.7130179,11.9536261
1801,1577.0,4560147791,46.7135633,11.9544908
1802,1577.0,4560147792,46.7143352,11.9557148
1803,1629.0,4560147793,46.7157167,11.9579052
1804,1678.0,4560147794,46.7168622,11.9597216
1805,1727.0,4560147800,46.7182663,11.961948
1806,1798.0,4560147801,46.7188821,11.9629246
1807,1752.0,4560148103,46.7347952,11.986154
1808,1705.0,4560148104,46.7345214,11.9881738
1809,1680.0,4560148156,46.7433987,11.9908318
1810,1621.0,4560148157,46.7435221,11.9922976
1811,1555.0,4560148158,46.743752,11.9950281
1812,1514.0,4560148159,46.7438965,11.9967445
1813,1471.0,4560148160,46.7440818,11.9989452
1814,1411.0,4560148161,46.744213,12.0005028
1815,1411.0,4560148162,46.744332,12.0019158
1816,1350.0,4560148163,46.7444606,12.0034437
1817,1285.0,4560148164,46.7446268,12.0054179
1818,1241.0,4560148165,46.7447575,12.0069702
1819,1185.0,4560148166,46.7448922,12.0085691
1820,1192.0,4560148167,46.7465942,12.0094029
1821,1252.0,4560148168,46.7464489,12.0076454
1822,1299.0,4560148169,46.7463103,12.0059671
1823,1353.0,4560148170,46.7461333,12.0038258
1824,1406.0,4560148171,46.7459387,12.0014705
1825,1471.0,4560148172,46.745764,11.9993569
1826,1514.0,4560148173,46.7456285,11.9976868
1827,1555.0,4560148174,46.7454439,11.9954835
1828,1613.0,4560148175,46.7452623,11.9932854
1829,1668.0,4560148176,46.7450734,11.9910001
1830,1705.0,4560148177,46.7449395,11.9893793
1831,1768.0,4560148178,46.744746,11.9870382
1832,1820.0,4560148179,46.7445943,11.9852026
1833,1876.0,4560148180,46.744435,11.983275
1834,1876.0,4560148181,46.7437784,11.9827108
1835,1820.0,4560148182,46.7438571,11.9839254
1836,1768.0,4560148183,46.7440516,11.9869261
1837,1820.0,4560148184,46.7439442,11.9852694
1838,1668.0,4560148185,46.7442245,11.9895949
1839,1705.0,4560148186,46.7441359,11.988227
1840,1961.0,4560148393,46.7435443,11.9790979
1841,1962.0,4560148394,46.7440242,11.9783039
1842,2001.0,4560148395,46.7438305,11.9759596
1843,2047.0,4560148396,46.7437012,11.9743957
1844,2047.0,4560148397,46.7436083,11.9732705
1845,2078.0,4560148398,46.7430985,11.9722192
1846,2047.0,4560148399,46.7432298,11.9742445
1847,2010.0,4560148400,46.7432934,11.975226
1848,2010.0,4560148401,46.7433912,11.976736
1849,2078.0,4560148405,46.7430642,11.9710917
1850,2109.0,4560148406,46.7425293,11.9694502
1851,2274.0,4560148407,46.7395111,11.9601993
1852,2181.0,4560148408,46.7413612,11.9658748
1853,2214.0,4560148409,46.7406223,11.9635842
1854,2143.0,4560148410,46.7419237,11.9675593
1855,2274.0,4560148504,46.7393413,11.9602623
1856,2242.0,4560148505,46.7395849,11.9617027
1857,2047.0,4560148506,46.7417208,11.9741749
1858,2068.0,4560148507,46.7414782,11.9727856
1859,2104.0,4560148508,46.7409855,11.9698995
1860,2068.0,4560148509,46.7412392,11.9714176
1861,2181.0,4560148510,46.7403606,11.9663053
1862,2181.0,4560148511,46.7401437,11.9650393
1863,2214.0,4560148512,46.7398643,11.963312
1864,2137.0,4560148513,46.740662,11.96814
1865,2010.0,4560148514,46.7367554,11.9715196
1866,2274.0,4560148515,46.7383308,11.9597956
1867,2239.0,4560148516,46.7381084,11.961303
1868,2197.0,4560148517,46.7378345,11.9633549
1869,2083.0,4560148518,46.7372472,11.9677671
1870,2042.0,4560148519,46.7369824,11.9697412
1871,2158.0,4560148520,46.7375302,11.9656965
1872,2072.0,4560148540,46.7327842,11.9612132
1873,2136.0,4560148541,46.7336188,11.9607599
1874,2274.0,4560148542,46.7377164,11.9585712
1875,2211.0,4560148543,46.7368175,11.9590433
1876,2211.0,4560148544,46.7355968,11.9596843
1877,2161.0,4560148545,46.7346336,11.9602073
1878,2226.0,4560148546,46.7372127,11.9574473
1879,2211.0,4560148547,46.7354553,11.9583781
1880,2161.0,4560148548,46.7334773,11.9594295
1881,2161.0,4560148549,46.7343826,11.958944
1882,2003.0,4560148550,46.7312114,11.9606258
1883,2003.0,4560148551,46.7299833,11.961299
1884,1778.0,4560148552,46.7259514,11.9634635
1885,1859.0,4560148553,46.7273487,11.9627206
1886,1915.0,4560148554,46.7287019,11.9619749
1887,2087.0,4560148555,46.731768,11.9603414
1888,1758.0,4560148793,46.7220901,11.9658078
1889,2001.0,4560148798,46.7165521,11.9704896
1890,1946.0,4560148799,46.7179771,11.9692517
1891,1842.0,4560148800,46.7189775,11.968431
1892,1842.0,4560148801,46.7208126,11.9668646
1893,1817.0,4560148832,46.7192055,11.9649388
1894,1798.0,4560148844,46.7197737,11.9638699
1895,1721.0,4560148845,46.7214047,11.9607961
1896,1764.0,4560148846,46.7205717,11.9623625
1897,1721.0,4560148847,46.7210443,11.961472
1898,1798.0,4560148848,46.7201985,11.9630679
1899,1474.0,4560148975,46.7108321,11.9505581
1900,1429.0,4560148976,46.7103539,11.9489622
1901,1408.0,4560148978,46.7097415,11.9470203
1902,1766.0,4562421012,46.7538736,11.9587526
1903,1766.0,4562421013,46.7532213,11.9587141
1904,1826.0,4562421014,46.7516778,11.9586231
1905,1902.0,4562421015,46.7496707,11.9585048
1906,1902.0,4562421016,46.7480222,11.9584076
1907,2005.0,4562421021,46.7460653,11.9582922
1908,2072.0,4562421022,46.7440731,11.9581748
1909,2149.0,4562421023,46.7425603,11.9581093
1910,2237.0,4562421024,46.7411872,11.958067
1911,2237.0,4562421025,46.7396433,11.9580195
1912,2237.0,4562421026,46.7396925,11.9572789
1913,2237.0,4562421027,46.7398103,11.9570308
1914,2237.0,4562421028,46.7405986,11.9568016
1915,2237.0,4562421029,46.7411608,11.9565055
1916,2224.0,4562421030,46.7414276,11.9561814
1917,2154.0,4562421031,46.7421507,11.955984
1918,2154.0,4562421034,46.7428123,11.9554372
1919,2154.0,4562421035,46.7431194,11.9554738
1920,2076.0,4562421036,46.7442498,11.9548784
1921,2076.0,4562421037,46.7447912,11.9543878
1922,2076.0,4562421038,46.7449927,11.954487
1923,1870.0,4562421039,46.7479229,11.9529435
1924,1955.0,4562421040,46.7477397,11.95304
1925,1955.0,4562421041,46.7466815,11.9535974
1926,1955.0,4562421042,46.7471595,11.9531319
1927,1589.0,4562520890,46.7553743,11.9495476
1928,1589.0,4562520891,46.7550665,11.9491276
1929,1510.0,4562520892,46.7565543,11.9483845
1930,1510.0,4562520893,46.7566522,11.9489775
1931,1510.0,4562520894,46.7569705,11.9481766
1932,1510.0,4562520895,46.7576886,11.9485152
1933,1510.0,4562520896,46.7578627,11.9484375
1934,1491.0,4562520897,46.7579125,11.9477554
1935,1510.0,4562520898,46.7580266,11.9483644
1936,1337.0,4562520899,46.758763,11.9473705
1937,1417.0,4562520900,46.7584824,11.9481611
1938,1122.0,4562520901,46.7642363,11.944767
1939,1122.0,4562520902,46.7636794,11.9450372
1940,1337.0,4562520903,46.7598855,11.9468358
1941,1256.0,4562520904,46.7605382,11.947244
1942,1256.0,4562520905,46.7609694,11.9462769
1943,1209.0,4562520906,46.7621874,11.9457075
1944,1256.0,4562520907,46.76123,11.9469354
1945,1181.0,4562520908,46.7627567,11.9462543
1946,1181.0,4562520909,46.7635489,11.9459008
1947,1122.0,4562520910,46.7640578,11.9456738
1948,1068.0,4562520911,46.7647258,11.9453757
1949,1068.0,4562520912,46.766021,11.9447979
1950,1068.0,4562520913,46.7656191,11.9440961
1951,1022.0,4562520914,46.7673715,11.9432459
1952,1040.0,4562520915,46.7672881,11.9442325
1953,1022.0,4562520916,46.7684816,11.9437001
1954,960.0,4562520917,46.771994,11.9421328
1955,960.0,4562520918,46.7714839,11.9423604
1956,960.0,4562520919,46.7711973,11.9424883
1957,990.0,4562520920,46.7693351,11.9433192
1958,990.0,4562520921,46.7688793,11.9425143
1959,953.0,4562520923,46.7714511,11.9412663
1960,1185.0,282865093,46.7449889,12.0097179
1961,1680.0,282865094,46.7433392,11.9901255
1962,2274.0,283551172,46.7379001,11.9584703
1963,2072.0,283551174,46.73208,11.9615861
1964,1156.0,283553882,46.7466875,12.0105322
1965,2078.0,283553888,46.743553,11.9726018
1966,2274.0,283553892,46.7393443,11.9596764
1967,1668.0,283553894,46.7442979,11.9907268
1968,2078.0,283553897,46.7430667,11.9717283
1969,960.0,320974326,46.7722045,11.9420389
1970,2267.0,320974327,46.739359,11.9574545
1971,953.0,320974329,46.7726959,11.9398903
1972,1128.0,320974330,46.7637607,11.9431692
1973,953.0,321223196,46.771945,11.9410267
1974,2267.0,321223197,46.7394451,11.9572226
1975,2047.0,325689514,46.7418226,11.974913
1976,2274.0,325689515,46.7392555,11.9598406
1977,1983.0,325695607,46.736579,11.9729532
1978,2274.0,325695608,46.7383882,11.9592804
1979,1748.0,325696901,46.7247924,11.9640979
1980,2267.0,325696908,46.7375862,11.9572527
1981,1634.0,325704607,46.7521124,11.9929243
1982,2267.0,343759536,46.7393873,11.9580116
1983,1692.0,343759542,46.7542589,11.9587753
1984,1758.0,354930556,46.722833,11.9651954
1985,2001.0,354930558,46.7161724,11.9708035
1986,1229.0,354932667,46.7044699,11.9305724
1987,1474.0,354932669,46.7109921,11.9511505
1988,1474.0,354932671,46.7111024,11.9505889
1989,1798.0,354932673,46.7194042,11.9638322
1990,1748.0,354932676,46.7229927,11.9633065
1991,1833.0,354932678,46.7268538,11.968738
1992,1548.0,354932996,46.7336508,11.9945958
1993,1685.0,607406117,46.7217259,11.960206
1994,1817.0,607406119,46.7188545,11.9656136
1995,1870.0,663794033,46.7488177,11.9524721
1996,1983.0,1100489822,46.7365395,11.9732863
1997,953.0,1221716220,46.7719017,11.9398364
1998,976.0,1221716266,46.7699535,11.9405199
1999,2149.0,1379608234,46.7434022,11.9581352
2000,935.0,1573069997,46.7882053,11.9770165
2001,933.0,1573070001,46.7902441,11.9781099
2002,1870.0,3329266808,46.7489491,11.9521829
2003,1748.0,3993263347,46.7233999,11.9639224
2004,1773.0,3993263348,46.7239762,11.9647404
2005,1773.0,3993263349,46.7248264,11.9659299
2006,1833.0,3993263350,46.7258645,11.9673842
2007,1833.0,3993263351,46.7266496,11.968445
2008,1128.0,3993281221,46.7641279,11.9430437
2009,1069.0,3993281224,46.7655313,11.9425189
2010,1022.0,3993281225,46.7669198,11.9420184
2011,1026.0,3993281226,46.7686815,11.9413666
2012,976.0,3993281228,46.7698614,11.9409528
2013,953.0,3993281229,46.7716823,11.940298
2014,1604.0,4254658534,46.751973,11.9925187
2015,1604.0,4254658535,46.7517488,11.991883
2016,1655.0,4254658536,46.7511358,11.9901568
2017,1671.0,4254658537,46.7502155,11.9875115
2018,1772.0,4254658538,46.7493803,11.9851251
2019,1822.0,4254658539,46.7485772,11.9828135
2020,1882.0,4254658540,46.747806,11.9806046
2021,1942.0,4254658541,46.7468172,11.9777372
2022,1987.0,4254658542,46.7463052,11.9762755
2023,2046.0,4254658543,46.7455148,11.9739872
2024,2075.0,4254658544,46.744878,11.9721332
2025,2104.0,4254658545,46.7439805,11.9696021
2026,2143.0,4254658546,46.743268,11.9674947
2027,1604.0,4254658547,46.7519981,11.9925924
2028,2143.0,4254658548,46.7434124,11.9679301
2029,2143.0,4254658549,46.7433965,11.9678829
2030,1870.0,4364408406,46.748911,11.9526108
2031,1870.0,4364408407,46.7487827,11.9526747
2032,1870.0,4364408408,46.7487586,11.9525715
2033,1870.0,4364408409,46.7485876,11.9526566
2034,1870.0,4364408410,46.7485652,11.9525606
2035,1870.0,4364408411,46.7486761,11.9525053
2036,1870.0,4364408412,46.7486621,11.9524455
2037,1870.0,4364408413,46.7487992,11.9523773
2038,1870.0,4364408414,46.7488106,11.9524257
2039,1870.0,4364408415,46.749006,11.9523284
2040,1870.0,4364408416,46.7490316,11.952438
2041,1870.0,4364408417,46.7488874,11.9525098
2042,2242.0,4396454890,46.7399789,11.9616496
2043,1474.0,4560145988,46.711305,11.9509102
2044,1474.0,4560147789,46.7119535,11.9519384
2045,1546.0,4560147790,46.7130179,11.9536261
2046,1577.0,4560147791,46.7135633,11.9544908
2047,1577.0,4560147792,46.7143352,11.9557148
2048,1629.0,4560147793,46.7157167,11.9579052
2049,1678.0,4560147794,46.7168622,11.9597216
2050,1727.0,4560147800,46.7182663,11.961948
2051,1798.0,4560147801,46.7188821,11.9629246
2052,1752.0,4560148103,46.7347952,11.986154
2053,1705.0,4560148104,46.7345214,11.9881738
2054,1680.0,4560148156,46.7433987,11.9908318
2055,1621.0,4560148157,46.7435221,11.9922976
2056,1555.0,4560148158,46.743752,11.9950281
2057,1514.0,4560148159,46.7438965,11.9967445
2058,1471.0,4560148160,46.7440818,11.9989452
2059,1411.0,4560148161,46.744213,12.0005028
2060,1411.0,4560148162,46.744332,12.0019158
2061,1350.0,4560148163,46.7444606,12.0034437
2062,1285.0,4560148164,46.7446268,12.0054179
2063,1241.0,4560148165,46.7447575,12.0069702
2064,1185.0,4560148166,46.7448922,12.0085691
2065,1192.0,4560148167,46.7465942,12.0094029
2066,1252.0,4560148168,46.7464489,12.0076454
2067,1299.0,4560148169,46.7463103,12.0059671
2068,1353.0,4560148170,46.7461333,12.0038258
2069,1406.0,4560148171,46.7459387,12.0014705
2070,1471.0,4560148172,46.745764,11.9993569
2071,1514.0,4560148173,46.7456285,11.9976868
2072,1555.0,4560148174,46.7454439,11.9954835
2073,1613.0,4560148175,46.7452623,11.9932854
2074,1668.0,4560148176,46.7450734,11.9910001
2075,1705.0,4560148177,46.7449395,11.9893793
2076,1768.0,4560148178,46.744746,11.9870382
2077,1820.0,4560148179,46.7445943,11.9852026
2078,1876.0,4560148180,46.744435,11.983275
2079,1876.0,4560148181,46.7437784,11.9827108
2080,1820.0,4560148182,46.7438571,11.9839254
2081,1768.0,4560148183,46.7440516,11.9869261
2082,1820.0,4560148184,46.7439442,11.9852694
2083,1668.0,4560148185,46.7442245,11.9895949
2084,1705.0,4560148186,46.7441359,11.988227
2085,1961.0,4560148393,46.7435443,11.9790979
2086,1962.0,4560148394,46.7440242,11.9783039
2087,2001.0,4560148395,46.7438305,11.9759596
2088,2047.0,4560148396,46.7437012,11.9743957
2089,2047.0,4560148397,46.7436083,11.9732705
2090,2078.0,4560148398,46.7430985,11.9722192
2091,2047.0,4560148399,46.7432298,11.9742445
2092,2010.0,4560148400,46.7432934,11.975226
2093,2010.0,4560148401,46.7433912,11.976736
2094,2078.0,4560148405,46.7430642,11.9710917
2095,2109.0,4560148406,46.7425293,11.9694502
2096,2274.0,4560148407,46.7395111,11.9601993
2097,2181.0,4560148408,46.7413612,11.9658748
2098,2214.0,4560148409,46.7406223,11.9635842
2099,2143.0,4560148410,46.7419237,11.9675593
2100,2274.0,4560148504,46.7393413,11.9602623
2101,2242.0,4560148505,46.7395849,11.9617027
2102,2047.0,4560148506,46.7417208,11.9741749
2103,2068.0,4560148507,46.7414782,11.9727856
2104,2104.0,4560148508,46.7409855,11.9698995
2105,2068.0,4560148509,46.7412392,11.9714176
2106,2181.0,4560148510,46.7403606,11.9663053
2107,2181.0,4560148511,46.7401437,11.9650393
2108,2214.0,4560148512,46.7398643,11.963312
2109,2137.0,4560148513,46.740662,11.96814
2110,2010.0,4560148514,46.7367554,11.9715196
2111,2274.0,4560148515,46.7383308,11.9597956
2112,2239.0,4560148516,46.7381084,11.961303
2113,2197.0,4560148517,46.7378345,11.9633549
2114,2083.0,4560148518,46.7372472,11.9677671
2115,2042.0,4560148519,46.7369824,11.9697412
2116,2158.0,4560148520,46.7375302,11.9656965
2117,2072.0,4560148540,46.7327842,11.9612132
2118,2136.0,4560148541,46.7336188,11.9607599
2119,2274.0,4560148542,46.7377164,11.9585712
2120,2211.0,4560148543,46.7368175,11.9590433
2121,2211.0,4560148544,46.7355968,11.9596843
2122,2161.0,4560148545,46.7346336,11.9602073
2123,2226.0,4560148546,46.7372127,11.9574473
2124,2211.0,4560148547,46.7354553,11.9583781
2125,2161.0,4560148548,46.7334773,11.9594295
2126,2161.0,4560148549,46.7343826,11.958944
2127,2003.0,4560148550,46.7312114,11.9606258
2128,2003.0,4560148551,46.7299833,11.961299
2129,1778.0,4560148552,46.7259514,11.9634635
2130,1859.0,4560148553,46.7273487,11.9627206
2131,1915.0,4560148554,46.7287019,11.9619749
2132,2087.0,4560148555,46.731768,11.9603414
2133,1758.0,4560148793,46.7220901,11.9658078
2134,2001.0,4560148798,46.7165521,11.9704896
2135,1946.0,4560148799,46.7179771,11.9692517
2136,1842.0,4560148800,46.7189775,11.968431
2137,1842.0,4560148801,46.7208126,11.9668646
2138,1817.0,4560148832,46.7192055,11.9649388
2139,1798.0,4560148844,46.7197737,11.9638699
2140,1721.0,4560148845,46.7214047,11.9607961
2141,1764.0,4560148846,46.7205717,11.9623625
2142,1721.0,4560148847,46.7210443,11.961472
2143,1798.0,4560148848,46.7201985,11.9630679
2144,1474.0,4560148975,46.7108321,11.9505581
2145,1429.0,4560148976,46.7103539,11.9489622
2146,1408.0,4560148978,46.7097415,11.9470203
2147,1357.0,4560148979,46.7082122,11.9422513
2148,1402.0,4560148980,46.7089662,11.9445902
2149,1242.0,4560148981,46.7050118,11.9322145
2150,1263.0,4560148982,46.7055857,11.9339928
2151,1358.0,4560148983,46.706498,11.9368708
2152,1329.0,4560148984,46.7067362,11.9375896
2153,1288.0,4560148985,46.7061071,11.9356423
2154,1325.0,4560148986,46.7075565,11.9402128
2155,1766.0,4562421012,46.7538736,11.9587526
2156,1766.0,4562421013,46.7532213,11.9587141
2157,1826.0,4562421014,46.7516778,11.9586231
2158,1902.0,4562421015,46.7496707,11.9585048
2159,1902.0,4562421016,46.7480222,11.9584076
2160,2005.0,4562421021,46.7460653,11.9582922
2161,2072.0,4562421022,46.7440731,11.9581748
2162,2149.0,4562421023,46.7425603,11.9581093
2163,2237.0,4562421024,46.7411872,11.958067
2164,2237.0,4562421025,46.7396433,11.9580195
2165,2237.0,4562421026,46.7396925,11.9572789
2166,2237.0,4562421027,46.7398103,11.9570308
2167,2237.0,4562421028,46.7405986,11.9568016
2168,2237.0,4562421029,46.7411608,11.9565055
2169,2224.0,4562421030,46.7414276,11.9561814
2170,2154.0,4562421031,46.7421507,11.955984
2171,2154.0,4562421034,46.7428123,11.9554372
2172,2154.0,4562421035,46.7431194,11.9554738
2173,2076.0,4562421036,46.7442498,11.9548784
2174,2076.0,4562421037,46.7447912,11.9543878
2175,2076.0,4562421038,46.7449927,11.954487
2176,1870.0,4562421039,46.7479229,11.9529435
2177,1955.0,4562421040,46.7477397,11.95304
2178,1955.0,4562421041,46.7466815,11.9535974
2179,1955.0,4562421042,46.7471595,11.9531319
2180,1589.0,4562520890,46.7553743,11.9495476
2181,1589.0,4562520891,46.7550665,11.9491276
2182,1510.0,4562520892,46.7565543,11.9483845
2183,1510.0,4562520893,46.7566522,11.9489775
2184,1510.0,4562520894,46.7569705,11.9481766
2185,1510.0,4562520895,46.7576886,11.9485152
2186,1510.0,4562520896,46.7578627,11.9484375
2187,1491.0,4562520897,46.7579125,11.9477554
2188,1510.0,4562520898,46.7580266,11.9483644
2189,1337.0,4562520899,46.758763,11.9473705
2190,1417.0,4562520900,46.7584824,11.9481611
2191,1122.0,4562520901,46.7642363,11.944767
2192,1122.0,4562520902,46.7636794,11.9450372
2193,1337.0,4562520903,46.7598855,11.9468358
2194,1256.0,4562520904,46.7605382,11.947244
2195,1256.0,4562520905,46.7609694,11.9462769
2196,1209.0,4562520906,46.7621874,11.9457075
2197,1256.0,4562520907,46.76123,11.9469354
2198,1181.0,4562520908,46.7627567,11.9462543
2199,1181.0,4562520909,46.7635489,11.9459008
2200,1122.0,4562520910,46.7640578,11.9456738
2201,1068.0,4562520911,46.7647258,11.9453757
2202,1068.0,4562520912,46.766021,11.9447979
2203,1068.0,4562520913,46.7656191,11.9440961
2204,1022.0,4562520914,46.7673715,11.9432459
2205,1040.0,4562520915,46.7672881,11.9442325
2206,1022.0,4562520916,46.7684816,11.9437001
2207,960.0,4562520917,46.771994,11.9421328
2208,960.0,4562520918,46.7714839,11.9423604
2209,960.0,4562520919,46.7711973,11.9424883
2210,990.0,4562520920,46.7693351,11.9433192
2211,990.0,4562520921,46.7688793,11.9425143
2212,953.0,4562520923,46.7714511,11.9412663
2213,960.0,4581129134,46.7711103,11.9425271
2214,1577.0,4901469580,46.7142971,11.9556544
2215,1946.0,4901633420,46.7175949,11.9696009
